date,home_team,away_team,home_team_goal,away_team_goal,home_possession,away_possession,home_shots,away_shots,home_shots_on_target,away_shots_on_target,home_fouls,away_fouls,home_yellow_cards,away_yellow_cards,home_red_cards,away_red_cards
2023-04-15,Real Madrid,Athletic Bilbao,2,4,51.93700315892974,48.06299684107026,14,7,7,3,15,12,4,3,1,1
2023-06-21,Real Madrid,Sevilla,1,3,58.771054180315005,41.228945819684995,6,16,5,1,16,14,4,3,0,0
2023-03-12,Real Madrid,Espanyol,3,0,40.92900825439995,59.07099174560005,7,11,5,9,11,6,3,0,1,1
2023-10-09,Real Madrid,Elche,1,4,44.617876512442976,55.382123487557024,16,19,12,7,16,17,2,0,1,1
2023-04-02,Real Madrid,Valencia,1,3,43.69708911051054,56.30291088948946,19,6,12,2,14,18,3,3,0,1
2023-05-16,Real Madrid,Valencia,4,1,50.793842647781595,49.206157352218405,12,14,9,12,16,16,4,0,0,0
2023-01-25,Real Madrid,Granada,0,0,43.97431363068345,56.02568636931655,12,19,11,17,12,7,2,0,0,0
2023-07-26,Real Madrid,Espanyol,0,3,57.26206851751187,42.73793148248813,12,16,2,1,11,11,4,2,1,1
2023-01-03,Real Madrid,Sevilla,4,2,55.21570097233795,44.78429902766205,14,11,7,9,19,19,1,1,1,0
2023-07-17,Real Madrid,Rayo Vallecano,3,4,50.17141382329406,49.82858617670594,18,9,7,5,19,15,4,3,0,1
2023-11-19,Real Madrid,Athletic Bilbao,3,1,52.48708096267586,47.51291903732414,18,13,6,12,16,16,3,3,1,1
2023-10-23,Real Madrid,Osasuna,3,0,46.36006949943728,53.63993050056272,5,5,1,3,18,13,3,4,0,0
2023-06-08,Real Madrid,Athletic Bilbao,2,0,49.69659942717966,50.30340057282034,5,7,2,4,12,19,2,0,1,0
2023-10-20,Real Madrid,Cadiz,3,1,54.24541179848884,45.75458820151116,9,5,8,1,15,5,1,1,1,1
2023-01-01,Real Madrid,Real Betis,2,1,50.61869166634273,49.38130833365727,14,10,7,4,11,15,2,0,0,1
2023-04-02,Real Madrid,Real Betis,2,0,43.01435087930859,56.98564912069141,15,10,13,3,8,16,2,3,0,1
2023-03-20,Real Madrid,Sevilla,3,0,53.81875476204932,46.18124523795068,11,6,8,1,15,16,0,0,1,0
2023-03-07,Real Madrid,Espanyol,3,1,59.64336686658871,40.35663313341129,8,16,1,2,5,18,3,4,0,1
2023-09-03,Real Madrid,Celta Vigo,2,2,57.126485837561845,42.873514162438155,10,12,1,8,8,15,0,3,1,1
2023-09-03,Real Madrid,Sevilla,0,4,45.67841949474931,54.32158050525069,18,6,2,3,17,13,3,0,1,0
2023-05-16,Real Madrid,Alaves,3,2,53.15225784600687,46.84774215399313,5,16,3,3,10,11,4,2,1,1
2023-05-01,Real Madrid,Atletico Madrid,3,0,43.90485975596089,56.09514024403911,17,7,4,3,5,5,3,3,1,0
2023-05-06,Real Madrid,Alaves,2,3,40.30913233057735,59.69086766942265,12,17,1,14,9,19,2,3,0,1
2023-03-18,Real Madrid,Barcelona,0,1,58.723095483215616,41.276904516784384,14,7,8,6,12,6,1,2,1,1
2023-08-01,Real Madrid,Cadiz,0,2,54.178219938202375,45.821780061797625,11,17,10,7,14,7,1,0,1,0
2023-09-04,Real Madrid,Athletic Bilbao,4,3,52.999278615555305,47.000721384444695,18,18,12,15,16,6,1,2,0,1
2023-04-10,Real Madrid,Cadiz,2,3,46.53302483592082,53.46697516407918,12,9,5,7,8,10,4,3,1,0
2023-07-08,Real Madrid,Sevilla,3,4,59.39073734228318,40.60926265771682,14,18,3,17,12,19,2,3,1,0
2023-10-21,Real Madrid,Real Betis,0,3,48.1790588882854,51.8209411117146,14,14,1,2,18,10,0,4,0,0
2023-07-05,Real Madrid,Levante,4,2,44.95461979002315,55.04538020997685,7,9,6,1,17,18,3,4,0,0
2023-04-05,Real Madrid,Alaves,3,1,55.26728846007822,44.73271153992178,9,11,4,1,18,18,4,1,1,1
2023-04-02,Real Madrid,Real Betis,3,1,52.51719831428473,47.48280168571527,14,5,8,1,17,8,1,0,1,1
2023-02-03,Real Madrid,Mallorca,3,0,49.16505780983033,50.83494219016967,7,15,5,12,7,5,0,1,0,1
2023-02-19,Real Madrid,Granada,1,2,46.73108429777453,53.26891570222547,14,12,13,10,14,14,1,2,0,0
2023-10-21,Real Madrid,Real Sociedad,1,4,58.732963037114146,41.267036962885854,12,8,9,5,17,13,3,1,0,0
2023-01-03,Real Madrid,Sevilla,3,1,45.000328984322095,54.999671015677905,12,11,5,1,11,17,0,2,0,1
2023-01-20,Real Madrid,Cadiz,0,4,57.91046456992401,42.08953543007599,5,8,4,5,13,7,3,0,0,1
2023-04-19,Real Madrid,Alaves,1,4,41.83408294516962,58.16591705483038,16,13,4,11,9,8,4,0,0,0
2023-10-07,Barcelona,Espanyol,1,4,54.74071113582018,45.25928886417982,17,15,11,2,19,16,0,1,1,1
2023-06-07,Barcelona,Cadiz,4,1,47.933032039085035,52.066967960914965,15,14,2,5,17,9,2,4,0,1
2023-07-25,Barcelona,Cadiz,4,3,47.00436493400627,52.99563506599373,16,19,3,12,10,11,2,1,1,0
2023-03-13,Barcelona,Athletic Bilbao,4,1,49.37321283988253,50.62678716011747,14,8,12,5,19,13,0,2,0,1
2023-09-24,Barcelona,Cadiz,0,4,59.264450788812226,40.735549211187774,16,17,13,13,19,9,4,2,1,0
2023-03-19,Barcelona,Real Sociedad,3,0,50.461956883402976,49.538043116597024,13,5,1,1,10,10,2,0,0,1
2023-08-06,Barcelona,Espanyol,3,3,46.713201295939264,53.286798704060736,14,16,4,10,12,14,3,1,1,1
2023-09-04,Barcelona,Real Betis,2,0,45.59527014337891,54.40472985662109,9,8,5,4,17,17,2,4,1,1
2023-05-15,Barcelona,Rayo Vallecano,0,1,41.654968400706124,58.345031599293876,18,6,13,5,11,12,0,0,1,1
2023-01-11,Barcelona,Getafe,4,1,47.61781713262043,52.38218286737957,10,15,1,13,5,6,0,2,0,0
2023-07-06,Barcelona,Levante,3,0,50.68692550058926,49.31307449941074,9,10,3,5,11,9,4,4,1,1
2023-01-21,Barcelona,Rayo Vallecano,0,0,59.08102054517445,40.91897945482555,17,8,14,1,5,12,1,3,0,1
2023-10-26,Barcelona,Athletic Bilbao,1,2,50.403270022239866,49.596729977760134,16,5,6,4,9,18,2,0,0,1
2023-07-15,Barcelona,Getafe,4,4,52.78722713948485,47.21277286051515,15,7,7,6,16,6,1,1,1,1
2023-11-19,Barcelona,Getafe,1,3,50.94892613798223,49.05107386201777,5,12,3,7,14,7,0,4,0,1
2023-08-17,Barcelona,Espanyol,1,0,45.16488776597917,54.83511223402083,12,9,2,6,9,6,4,2,0,1
2023-03-15,Barcelona,Osasuna,0,2,42.7765434529882,57.2234565470118,12,8,8,4,12,13,2,2,0,0
2023-10-19,Barcelona,Elche,2,4,43.37870126144329,56.62129873855671,16,14,13,6,9,10,0,4,0,1
2023-02-17,Barcelona,Alaves,1,4,46.43165529360058,53.56834470639942,14,13,9,6,19,12,2,4,0,1
2023-01-08,Barcelona,Real Sociedad,0,2,43.690420387127546,56.309579612872454,19,19,14,14,12,6,4,1,1,0
2023-07-03,Barcelona,Rayo Vallecano,2,3,42.14344022679552,57.85655977320448,14,10,3,3,19,13,4,3,1,0
2023-07-22,Barcelona,Cadiz,1,3,44.66432823099603,55.33567176900397,17,8,9,4,14,7,0,4,1,0
2023-06-02,Barcelona,Real Sociedad,0,3,42.55160605591128,57.44839394408872,13,9,6,4,14,6,2,2,0,1
2023-09-01,Barcelona,Real Betis,4,4,43.05718278368664,56.94281721631336,11,8,8,7,13,11,2,2,0,1
2023-04-24,Barcelona,Real Betis,1,3,59.389408665507375,40.610591334492625,8,19,6,17,18,12,2,0,1,0
2023-08-26,Barcelona,Osasuna,2,4,55.38985866383874,44.61014133616126,10,14,6,4,7,8,0,3,0,1
2023-01-26,Barcelona,Getafe,4,2,58.64028684513868,41.35971315486132,17,15,3,1,10,6,1,4,0,1
2023-02-13,Barcelona,Mallorca,1,3,45.092813095275275,54.907186904724725,9,13,1,9,15,19,2,0,0,1
2023-02-14,Barcelona,Mallorca,4,2,58.76680913642076,41.23319086357924,16,7,3,1,12,10,3,4,1,0
2023-05-14,Barcelona,Celta Vigo,3,2,43.28531595861986,56.71468404138014,9,7,3,6,14,18,3,0,0,1
2023-08-08,Barcelona,Elche,2,4,46.02755748328284,53.97244251671716,11,19,1,17,5,19,1,4,1,1
2023-07-19,Barcelona,Rayo Vallecano,2,2,46.69811229314172,53.30188770685828,8,19,7,1,8,18,2,3,0,1
2023-05-27,Barcelona,Real Madrid,0,3,51.39779369742633,48.60220630257367,14,9,11,2,5,10,4,3,0,1
2023-08-05,Barcelona,Getafe,4,3,54.445051367861325,45.554948632138675,6,15,3,3,8,8,1,2,0,0
2023-10-08,Barcelona,Osasuna,1,2,43.067028062321604,56.932971937678396,17,12,14,2,13,5,3,2,1,1
2023-04-05,Barcelona,Real Sociedad,4,1,55.42493337039476,44.57506662960524,19,14,9,6,7,17,0,2,0,0
2023-05-21,Barcelona,Alaves,1,3,42.49325362406534,57.50674637593466,13,5,6,3,7,12,4,0,0,0
2023-04-25,Barcelona,Espanyol,4,1,46.669983433822885,53.330016566177115,19,8,11,6,6,11,1,2,1,0
2023-11-27,Atletico Madrid,Cadiz,3,2,42.817140407596,57.182859592404,12,13,7,4,10,9,0,0,0,0
2023-06-26,Atletico Madrid,Osasuna,3,1,53.27074744033421,46.72925255966579,11,5,4,1,5,8,3,4,1,0
2023-01-13,Atletico Madrid,Athletic Bilbao,2,2,55.99564044148539,44.00435955851461,18,18,17,13,17,18,2,1,0,1
2023-02-02,Atletico Madrid,Rayo Vallecano,3,0,48.01526121750652,51.98473878249348,10,7,4,1,12,17,2,1,1,0
2023-02-01,Atletico Madrid,Alaves,3,1,57.339875200230466,42.660124799769534,12,5,9,3,7,12,2,4,1,1
2023-05-03,Atletico Madrid,Getafe,2,0,51.134431695667324,48.865568304332676,12,6,3,3,8,8,4,4,1,0
2023-02-07,Atletico Madrid,Levante,1,0,44.157725102920544,55.842274897079456,7,17,3,4,17,16,1,1,0,0
2023-04-11,Atletico Madrid,Real Betis,1,1,47.26118424390181,52.73881575609819,11,16,4,5,9,10,0,1,0,1
2023-04-26,Atletico Madrid,Sevilla,3,0,57.36935951795826,42.63064048204174,12,15,7,1,6,7,0,0,1,1
2023-09-07,Atletico Madrid,Granada,0,2,48.434078691065636,51.565921308934364,14,14,13,13,6,11,4,2,1,1
2023-04-09,Atletico Madrid,Espanyol,1,0,48.10496176055378,51.89503823944622,10,14,7,5,14,10,4,2,0,0
2023-11-08,Atletico Madrid,Villarreal,1,3,52.66196126714895,47.33803873285105,9,11,2,1,14,9,3,1,1,1
2023-06-11,Atletico Madrid,Barcelona,0,2,41.806739211552156,58.193260788447844,7,14,5,5,15,12,2,3,0,0
2023-08-03,Atletico Madrid,Athletic Bilbao,1,4,49.67509883864825,50.32490116135175,14,8,4,3,7,8,2,0,1,0
2023-11-02,Atletico Madrid,Granada,0,1,49.48474617400739,50.51525382599261,13,13,8,1,5,13,4,2,1,1
2023-03-03,Atletico Madrid,Athletic Bilbao,1,4,40.04678781251557,59.95321218748443,7,18,6,2,16,7,4,3,0,0
2023-01-10,Atletico Madrid,Cadiz,0,0,43.70265857677239,56.29734142322761,18,12,8,5,5,11,4,0,1,0
2023-11-26,Atletico Madrid,Mallorca,0,4,53.398349291000784,46.601650708999216,14,11,1,7,14,9,1,4,0,0
2023-08-18,Atletico Madrid,Rayo Vallecano,2,4,49.484284333149276,50.515715666850724,18,8,7,3,6,15,1,0,1,0
2023-02-03,Atletico Madrid,Sevilla,4,2,46.797499275361325,53.202500724638675,11,11,7,8,5,8,4,0,0,1
2023-10-12,Atletico Madrid,Real Madrid,1,2,57.401977478018594,42.598022521981406,18,15,13,13,6,7,2,3,0,1
2023-05-12,Atletico Madrid,Cadiz,0,3,59.681669383985906,40.318330616014094,14,18,9,7,8,9,0,0,0,0
2023-08-18,Atletico Madrid,Alaves,3,1,44.6721550209982,55.3278449790018,13,5,5,2,19,13,0,0,1,1
2023-11-26,Atletico Madrid,Mallorca,4,4,45.17965303203627,54.82034696796373,16,10,7,8,19,18,2,4,1,0
2023-04-04,Atletico Madrid,Athletic Bilbao,2,3,56.75651470566491,43.24348529433509,10,9,3,5,18,14,2,1,0,1
2023-01-26,Atletico Madrid,Celta Vigo,2,4,41.15685353126793,58.84314646873207,19,11,17,9,7,8,1,0,0,0
2023-03-18,Atletico Madrid,Espanyol,1,0,43.0779181267971,56.9220818732029,7,10,5,8,17,19,0,0,1,1
2023-02-11,Atletico Madrid,Real Betis,0,2,45.4591874971263,54.5408125028737,17,13,3,9,6,16,1,0,0,1
2023-11-27,Atletico Madrid,Real Betis,1,3,47.45377034024628,52.54622965975372,12,15,5,10,6,10,4,3,1,0
2023-01-18,Atletico Madrid,Real Betis,4,4,58.1302743888916,41.8697256111084,7,12,2,8,15,17,4,0,1,1
2023-08-01,Atletico Madrid,Rayo Vallecano,2,2,43.20800210660144,56.79199789339856,17,15,13,9,9,14,3,2,1,1
2023-05-11,Atletico Madrid,Athletic Bilbao,4,1,49.309400175399674,50.690599824600326,19,11,10,10,15,9,1,3,1,1
2023-07-02,Atletico Madrid,Granada,4,2,59.62372356054847,40.37627643945153,5,12,3,2,16,12,4,2,1,1
2023-07-10,Atletico Madrid,Rayo Vallecano,0,1,46.83744332077372,53.16255667922628,16,19,14,5,17,10,3,3,1,1
2023-04-27,Atletico Madrid,Elche,0,3,41.347012029375435,58.652987970624565,14,10,1,6,14,12,2,1,1,1
2023-04-27,Atletico Madrid,Getafe,2,3,55.16526391858045,44.83473608141955,11,17,1,6,19,19,2,2,1,0
2023-02-04,Atletico Madrid,Barcelona,0,2,49.02774048659351,50.97225951340649,11,19,7,11,8,6,3,2,0,0
2023-08-21,Atletico Madrid,Cadiz,4,2,59.29040944540417,40.70959055459583,7,13,5,3,15,5,1,3,1,0
2023-03-17,Sevilla,Barcelona,0,3,51.25500572686765,48.74499427313235,16,15,8,12,18,13,0,4,0,1
2023-11-14,Sevilla,Getafe,1,3,40.35723784956639,59.64276215043361,17,16,5,8,16,14,2,3,1,0
2023-07-17,Sevilla,Alaves,3,3,48.60611789798925,51.39388210201075,10,13,6,6,9,9,1,2,1,0
2023-08-21,Sevilla,Cadiz,1,1,49.59877669434247,50.40122330565753,19,10,11,9,5,16,0,2,1,0
2023-01-12,Sevilla,Celta Vigo,0,3,54.04929941088208,45.95070058911792,14,12,2,1,6,5,0,0,0,1
2023-04-26,Sevilla,Real Madrid,1,1,53.78929938274531,46.21070061725469,6,19,2,10,11,16,0,2,0,0
2023-09-06,Sevilla,Villarreal,0,0,54.18121038901833,45.81878961098167,12,12,2,4,18,19,2,2,1,1
2023-06-26,Sevilla,Real Sociedad,1,2,40.81508212184946,59.18491787815054,16,14,14,11,6,10,3,3,0,0
2023-03-26,Sevilla,Granada,2,3,54.88558131189912,45.11441868810088,17,11,5,7,7,16,1,1,0,1
2023-08-09,Sevilla,Real Betis,2,2,41.63052979104853,58.36947020895147,7,7,5,5,10,19,0,3,0,1
2023-04-12,Sevilla,Real Betis,3,3,40.80218382824965,59.19781617175035,5,7,4,1,8,14,4,1,1,1
2023-02-04,Sevilla,Barcelona,1,2,51.84700657186724,48.15299342813276,10,17,3,13,6,12,4,0,0,1
2023-04-16,Sevilla,Valencia,1,3,47.45697274377869,52.54302725622131,6,11,5,5,10,17,0,3,0,0
2023-08-07,Sevilla,Alaves,0,3,51.859017028698545,48.140982971301455,10,5,9,1,16,6,2,4,0,0
2023-08-12,Sevilla,Real Madrid,3,4,44.74055714216672,55.25944285783328,19,15,10,3,10,18,1,4,1,1
2023-01-05,Sevilla,Celta Vigo,3,2,58.97166709702867,41.02833290297133,13,10,4,9,15,9,4,3,0,0
2023-08-12,Sevilla,Cadiz,3,3,50.79811679004425,49.20188320995575,8,6,6,2,13,19,4,3,1,0
2023-07-03,Sevilla,Real Madrid,4,4,41.77111168446483,58.22888831553517,5,5,3,2,16,14,3,4,1,1
2023-02-25,Sevilla,Osasuna,1,4,57.35836589040044,42.64163410959956,19,12,15,11,6,11,3,3,0,1
2023-04-16,Sevilla,Granada,1,1,54.65797836682684,45.34202163317316,12,6,5,1,11,12,4,4,0,1
2023-02-01,Sevilla,Getafe,1,2,53.66496056579292,46.33503943420708,6,6,1,2,12,19,0,3,0,1
2023-04-01,Sevilla,Alaves,0,2,58.8175071267613,41.1824928732387,18,9,16,5,13,14,3,1,1,1
2023-09-01,Sevilla,Villarreal,0,0,57.415069006745185,42.584930993254815,13,9,9,3,8,6,4,3,1,0
2023-02-18,Sevilla,Villarreal,4,0,46.34391433530797,53.65608566469203,17,15,1,8,18,10,0,4,0,0
2023-10-07,Sevilla,Mallorca,4,2,47.771162025406916,52.228837974593084,13,5,1,4,5,7,3,1,0,0
2023-10-02,Sevilla,Valencia,0,2,50.84727329959477,49.15272670040523,12,6,6,4,9,17,1,0,1,0
2023-05-15,Sevilla,Barcelona,3,3,52.15810185586889,47.84189814413111,11,10,2,5,11,15,4,3,0,0
2023-11-19,Sevilla,Real Sociedad,3,4,49.583664588872,50.416335411128,7,6,6,5,8,9,3,2,0,0
2023-08-16,Sevilla,Atletico Madrid,1,3,54.35271571817259,45.64728428182741,6,5,5,4,14,13,2,3,1,0
2023-07-24,Sevilla,Granada,0,1,43.70456893094819,56.29543106905181,12,8,4,4,10,11,0,3,1,0
2023-11-13,Sevilla,Espanyol,4,3,44.56159543897865,55.43840456102135,13,19,10,10,12,12,0,1,0,0
2023-02-24,Sevilla,Real Sociedad,2,3,48.47476507297526,51.52523492702474,14,13,2,3,8,14,0,1,0,0
2023-03-12,Sevilla,Cadiz,1,0,44.33479600181551,55.66520399818449,5,10,4,5,19,7,3,2,1,0
2023-09-25,Sevilla,Alaves,1,2,51.940938337913835,48.059061662086165,6,7,2,6,17,11,0,0,0,0
2023-03-04,Sevilla,Alaves,1,1,58.11049584659348,41.88950415340652,17,18,4,8,9,5,3,2,0,1
2023-11-06,Sevilla,Real Madrid,0,3,48.84819872961339,51.15180127038661,16,6,12,5,16,15,4,1,0,1
2023-10-03,Sevilla,Mallorca,1,3,53.236783796987574,46.763216203012426,5,7,2,6,8,12,3,1,1,0
2023-09-23,Sevilla,Granada,1,0,56.436128878021734,43.563871121978266,16,5,12,4,8,7,4,3,0,1
2023-04-08,Real Sociedad,Real Betis,3,0,56.840665887528424,43.159334112471576,9,8,6,6,6,12,0,4,1,1
2023-04-02,Real Sociedad,Villarreal,4,3,46.06256711890657,53.93743288109343,6,17,2,9,9,6,2,0,0,0
2023-03-20,Real Sociedad,Osasuna,1,3,57.466733234476955,42.533266765523045,10,7,6,3,19,10,3,4,1,1
2023-01-10,Real Sociedad,Mallorca,1,4,47.612465869531604,52.387534130468396,12,14,6,3,11,8,0,4,0,1
2023-03-18,Real Sociedad,Barcelona,3,1,52.81944154690664,47.18055845309336,13,6,9,5,10,5,3,0,1,1
2023-04-03,Real Sociedad,Alaves,2,0,56.50401534831136,43.49598465168864,17,9,2,8,9,6,3,0,0,1
2023-04-18,Real Sociedad,Granada,4,3,57.02897275102531,42.97102724897469,17,15,14,2,16,11,2,2,0,0
2023-10-25,Real Sociedad,Barcelona,1,2,55.08507088687726,44.91492911312274,19,12,15,9,11,7,0,2,0,0
2023-03-07,Real Sociedad,Alaves,3,0,50.188442562995796,49.811557437004204,11,12,1,5,11,16,3,4,1,1
2023-07-18,Real Sociedad,Villarreal,4,3,48.095968581704,51.904031418296,17,7,7,3,16,10,4,4,1,0
2023-11-21,Real Sociedad,Barcelona,4,1,53.61949654476489,46.38050345523511,12,11,5,1,17,9,1,1,0,0
2023-05-13,Real Sociedad,Elche,3,0,42.19472397355007,57.80527602644993,16,15,15,5,8,11,4,1,1,1
2023-04-16,Real Sociedad,Barcelona,3,1,49.52036258737533,50.47963741262467,13,17,4,13,10,14,4,1,0,0
2023-01-24,Real Sociedad,Celta Vigo,0,0,53.762694121730846,46.237305878269154,16,17,1,10,6,14,3,4,1,0
2023-08-27,Real Sociedad,Barcelona,0,0,41.3330408112138,58.6669591887862,12,17,3,5,16,5,4,4,1,0
2023-01-13,Real Sociedad,Osasuna,2,2,40.24216950469775,59.75783049530225,9,8,5,2,19,18,3,2,1,0
2023-07-19,Real Sociedad,Rayo Vallecano,3,2,43.48218670668169,56.51781329331831,9,9,6,6,12,14,3,0,0,1
2023-09-09,Real Sociedad,Valencia,1,1,40.208553987948065,59.791446012051935,8,18,4,14,13,13,0,1,0,1
2023-10-21,Real Sociedad,Elche,3,3,49.486722198124276,50.513277801875724,6,10,5,5,19,16,1,2,1,0
2023-08-18,Real Sociedad,Cadiz,0,0,47.51985779882623,52.48014220117377,18,16,12,3,18,5,4,2,1,1
2023-01-12,Real Sociedad,Athletic Bilbao,0,1,52.7214152745965,47.2785847254035,18,9,8,6,12,18,3,2,1,1
2023-09-22,Real Sociedad,Osasuna,3,4,54.55894353461486,45.44105646538514,6,17,5,15,8,15,1,2,0,1
2023-06-11,Real Sociedad,Mallorca,4,4,54.868475721532185,45.131524278467815,7,19,6,7,16,19,0,4,0,1
2023-10-16,Real Sociedad,Espanyol,0,3,54.52923430226009,45.47076569773991,5,8,4,3,14,6,2,0,1,0
2023-07-27,Real Sociedad,Alaves,2,1,47.107691373714786,52.892308626285214,17,13,4,4,10,14,1,1,1,1
2023-09-02,Real Sociedad,Cadiz,4,0,53.56757645710284,46.43242354289716,7,19,6,5,14,8,4,3,1,1
2023-10-05,Real Sociedad,Atletico Madrid,4,4,40.581427606879075,59.418572393120925,18,8,13,4,5,11,3,4,1,0
2023-10-23,Real Sociedad,Real Betis,3,3,41.05607920937056,58.94392079062944,12,6,2,3,19,16,3,2,0,0
2023-03-22,Real Sociedad,Alaves,4,3,55.69793954222935,44.30206045777065,10,9,4,8,7,17,3,0,0,0
2023-04-17,Real Sociedad,Elche,2,3,54.713262284783795,45.286737715216205,15,13,12,6,17,5,0,3,1,1
2023-11-15,Real Sociedad,Getafe,3,2,54.79972773371223,45.20027226628777,14,9,9,4,17,14,1,2,0,0
2023-06-13,Real Sociedad,Cadiz,0,2,45.97451147177546,54.02548852822454,9,7,2,3,18,14,2,4,0,1
2023-04-17,Real Sociedad,Real Betis,4,1,58.74706588431729,41.25293411568271,8,10,2,4,18,11,1,2,0,1
2023-06-09,Real Sociedad,Sevilla,3,3,42.707081645553714,57.292918354446286,19,8,4,5,18,12,3,1,1,1
2023-03-23,Real Sociedad,Athletic Bilbao,3,1,45.43899452257262,54.56100547742738,10,19,9,13,10,16,0,4,1,1
2023-04-18,Real Sociedad,Osasuna,1,2,42.78490742235191,57.21509257764809,8,6,1,3,11,10,1,2,1,1
2023-07-21,Real Sociedad,Getafe,1,1,48.37586638148323,51.62413361851677,18,13,5,10,9,6,4,2,0,1
2023-08-17,Real Sociedad,Real Betis,2,2,59.44010659263074,40.55989340736926,16,13,13,9,5,6,4,3,0,1
2023-06-23,Real Betis,Athletic Bilbao,0,0,59.610336440022124,40.389663559977876,17,6,12,2,15,13,0,0,1,1
2023-06-02,Real Betis,Alaves,0,1,43.31549080326552,56.68450919673448,6,10,1,2,14,6,2,4,0,1
2023-08-15,Real Betis,Mallorca,3,2,49.18479755193916,50.81520244806084,7,19,1,7,9,8,1,3,1,1
2023-08-08,Real Betis,Getafe,4,3,57.41156850092014,42.58843149907986,15,17,9,8,14,16,1,0,0,1
2023-08-12,Real Betis,Atletico Madrid,0,1,49.956250160685805,50.043749839314195,10,11,4,7,13,15,1,2,0,0
2023-11-24,Real Betis,Rayo Vallecano,3,1,41.880722088685324,58.119277911314676,16,16,9,4,9,9,0,1,1,1
2023-02-07,Real Betis,Villarreal,2,4,58.122865095315326,41.877134904684674,6,15,1,12,5,11,4,3,1,0
2023-04-06,Real Betis,Real Sociedad,2,0,56.07207070883071,43.92792929116929,18,11,16,1,19,17,4,4,1,0
2023-04-06,Real Betis,Barcelona,1,2,43.24466811564959,56.75533188435041,15,9,9,3,5,8,0,3,1,1
2023-03-09,Real Betis,Real Sociedad,3,1,42.21496890637916,57.78503109362084,16,16,9,11,6,19,3,3,0,0
2023-06-03,Real Betis,Barcelona,3,3,50.50869825091386,49.49130174908614,9,16,8,10,18,5,4,2,1,1
2023-03-15,Real Betis,Celta Vigo,1,1,52.27554837631398,47.72445162368602,11,10,1,5,16,15,2,2,0,1
2023-02-02,Real Betis,Levante,2,3,53.633389648032406,46.366610351967594,10,13,4,12,5,12,2,3,1,0
2023-06-15,Real Betis,Getafe,4,2,55.26310582517779,44.73689417482221,9,18,4,14,8,16,0,0,0,1
2023-02-19,Real Betis,Granada,0,2,40.00376799113164,59.99623200886836,15,15,2,8,18,10,3,4,1,1
2023-03-14,Real Betis,Atletico Madrid,2,3,40.3600017789043,59.6399982210957,12,12,10,6,11,10,0,2,1,0
2023-10-19,Real Betis,Atletico Madrid,0,3,40.36013111200909,59.63986888799091,11,18,9,15,8,18,4,4,1,1
2023-09-01,Real Betis,Cadiz,3,0,56.490696161740644,43.509303838259356,9,7,1,3,18,18,0,3,0,1
2023-02-09,Real Betis,Valencia,4,0,59.78056716700348,40.21943283299652,19,11,16,1,18,16,2,2,1,1
2023-05-21,Real Betis,Elche,4,3,44.404506027546304,55.595493972453696,16,5,5,1,13,17,0,3,0,0
2023-08-01,Real Betis,Barcelona,4,3,58.21353158870279,41.78646841129721,18,19,15,9,7,14,3,4,1,1
2023-06-20,Real Betis,Rayo Vallecano,0,4,52.79211122355363,47.20788877644637,11,11,4,6,16,17,2,3,1,1
2023-11-23,Real Betis,Barcelona,0,0,45.37917891652942,54.62082108347058,10,10,6,9,6,5,4,3,1,1
2023-03-10,Real Betis,Valencia,0,0,46.62694014206102,53.37305985793898,5,7,4,6,7,17,3,0,0,0
2023-01-14,Real Betis,Villarreal,0,2,56.87849225223448,43.12150774776552,5,14,3,5,9,5,1,2,1,1
2023-09-24,Real Betis,Celta Vigo,4,0,52.34133032235603,47.65866967764397,12,9,3,3,11,11,0,4,1,0
2023-03-11,Real Betis,Alaves,4,4,47.89152151195293,52.10847848804707,16,7,12,5,9,17,3,4,1,0
2023-10-07,Real Betis,Granada,3,1,54.42786902212576,45.57213097787424,13,15,7,14,17,19,0,3,1,1
2023-04-01,Real Betis,Barcelona,3,1,41.845695841465144,58.154304158534856,19,16,8,4,5,5,3,1,0,0
2023-07-02,Real Betis,Celta Vigo,4,0,52.92900180249214,47.07099819750786,7,15,5,10,18,6,2,0,0,0
2023-04-06,Real Betis,Atletico Madrid,2,4,58.049066145716836,41.950933854283164,10,7,8,2,5,13,3,2,0,0
2023-10-05,Real Betis,Granada,4,0,44.321027300233744,55.678972699766256,13,11,8,9,10,16,4,2,1,1
2023-07-09,Real Betis,Atletico Madrid,4,1,51.8057108590632,48.1942891409368,16,6,3,3,16,16,0,2,1,1
2023-01-24,Real Betis,Sevilla,1,3,48.61058676924415,51.38941323075585,8,9,1,1,19,8,2,4,1,1
2023-03-11,Real Betis,Elche,2,2,46.22434990126787,53.77565009873213,10,9,8,2,8,12,3,0,0,1
2023-02-05,Real Betis,Cadiz,2,2,59.28034814235404,40.71965185764596,8,14,3,6,15,15,1,2,1,1
2023-05-10,Real Betis,Getafe,4,1,42.322779204010516,57.677220795989484,14,16,5,3,11,10,3,1,1,0
2023-11-15,Real Betis,Cadiz,3,0,47.71023809473844,52.28976190526156,10,8,5,5,13,5,4,1,0,1
2023-03-10,Villarreal,Rayo Vallecano,1,4,43.892476734097436,56.107523265902564,5,9,2,7,16,9,3,2,0,1
2023-01-24,Villarreal,Rayo Vallecano,4,2,43.01042983326827,56.98957016673173,6,15,4,3,17,5,2,3,1,1
2023-05-07,Villarreal,Rayo Vallecano,4,3,57.05115563803107,42.94884436196893,9,8,6,3,19,15,4,1,0,1
2023-06-21,Villarreal,Granada,2,3,41.15482103738348,58.84517896261652,12,8,9,6,14,16,0,2,0,1
2023-04-06,Villarreal,Levante,1,3,45.715671110517405,54.284328889482595,5,18,4,15,15,15,0,2,1,0
2023-05-14,Villarreal,Rayo Vallecano,2,1,48.86911672763809,51.13088327236191,19,19,15,4,11,17,2,0,1,1
2023-01-17,Villarreal,Granada,0,0,57.8618041039083,42.1381958960917,7,19,6,3,15,9,4,4,0,0
2023-02-22,Villarreal,Levante,4,2,57.44096676894016,42.55903323105984,14,14,5,12,6,13,2,0,1,0
2023-03-18,Villarreal,Atletico Madrid,1,0,41.79624308565548,58.20375691434452,18,11,3,1,8,13,4,0,0,0
2023-08-08,Villarreal,Granada,4,3,53.1708103134011,46.8291896865989,19,5,4,3,6,19,0,1,1,1
2023-06-11,Villarreal,Sevilla,2,2,52.64179659012484,47.35820340987516,17,17,16,2,17,17,2,2,1,1
2023-08-17,Villarreal,Barcelona,1,1,44.84462435649134,55.15537564350866,10,16,2,2,14,17,3,1,0,0
2023-07-14,Villarreal,Valencia,2,4,51.665149849122315,48.334850150877685,11,5,1,1,18,9,4,4,0,0
2023-09-25,Villarreal,Rayo Vallecano,0,1,51.71729576907038,48.28270423092962,12,10,4,4,6,18,1,3,1,1
2023-06-04,Villarreal,Getafe,4,2,55.506923008062714,44.493076991937286,6,16,2,2,12,6,2,0,1,0
2023-09-17,Villarreal,Getafe,1,4,40.937038170552064,59.062961829447936,10,10,1,7,12,6,0,4,1,0
2023-09-01,Villarreal,Osasuna,2,2,51.299687153505076,48.700312846494924,6,16,4,4,6,19,2,4,0,0
2023-08-12,Villarreal,Real Betis,2,4,42.320453626963385,57.679546373036615,11,14,1,12,15,13,1,4,0,0
2023-05-01,Villarreal,Granada,3,2,59.01545415462676,40.98454584537324,19,13,9,5,8,7,2,3,0,1
2023-05-22,Villarreal,Cadiz,3,0,49.519354620233116,50.480645379766884,6,18,3,12,13,16,0,4,1,0
2023-04-02,Villarreal,Granada,0,0,57.395263533634214,42.604736466365786,10,12,6,1,8,17,4,4,1,0
2023-07-04,Villarreal,Valencia,1,2,46.312546875267,53.687453124733,16,16,5,12,12,10,0,3,0,1
2023-03-13,Villarreal,Osasuna,0,0,42.23024424642553,57.76975575357447,14,9,12,7,9,14,4,4,1,1
2023-06-17,Villarreal,Barcelona,3,1,40.628436430225456,59.371563569774544,7,19,6,17,16,10,3,4,0,0
2023-10-26,Villarreal,Sevilla,0,3,49.098377790151744,50.901622209848256,19,5,8,4,14,16,2,4,1,0
2023-09-02,Villarreal,Getafe,4,4,46.83607410984365,53.16392589015635,11,14,7,4,13,18,3,2,0,1
2023-07-04,Villarreal,Granada,2,0,50.939265027427766,49.060734972572234,12,5,7,1,12,12,4,2,1,1
2023-09-02,Villarreal,Atletico Madrid,1,3,49.46801762989825,50.53198237010175,16,11,12,10,8,14,0,4,1,1
2023-11-15,Villarreal,Elche,3,0,44.09962419053633,55.90037580946367,14,16,7,10,13,14,0,1,0,0
2023-11-13,Villarreal,Rayo Vallecano,4,3,47.76331412253991,52.23668587746009,16,15,11,1,5,19,3,3,0,0
2023-02-26,Villarreal,Celta Vigo,0,1,40.15683181543834,59.84316818456166,8,13,3,8,10,5,1,2,1,0
2023-05-06,Villarreal,Alaves,1,1,43.60615870845556,56.39384129154444,19,18,3,6,17,12,3,4,0,1
2023-01-16,Villarreal,Real Madrid,2,4,50.544653215078256,49.455346784921744,19,16,12,6,13,8,2,3,1,1
2023-11-05,Villarreal,Mallorca,0,1,51.87121870757572,48.12878129242428,11,10,6,2,14,10,3,3,0,0
2023-01-11,Villarreal,Barcelona,2,4,59.05793591995655,40.94206408004345,6,11,5,10,12,18,3,0,0,0
2023-11-20,Villarreal,Cadiz,1,4,49.97791329071884,50.02208670928116,13,9,10,4,9,16,3,1,0,0
2023-08-02,Villarreal,Espanyol,2,4,44.91614878612306,55.08385121387694,17,7,12,5,17,14,3,0,1,1
2023-03-01,Villarreal,Barcelona,0,4,49.63098680551708,50.36901319448292,7,8,4,5,18,7,2,0,0,0
2023-01-18,Athletic Bilbao,Alaves,4,3,47.72646346152932,52.27353653847068,9,15,2,4,5,6,0,1,1,0
2023-11-11,Athletic Bilbao,Espanyol,0,0,44.573888188007295,55.426111811992705,5,5,2,2,12,17,0,4,1,0
2023-08-19,Athletic Bilbao,Osasuna,4,2,46.52676861863974,53.47323138136026,7,7,5,4,11,19,1,4,0,1
2023-07-10,Athletic Bilbao,Sevilla,3,1,44.09360218114568,55.90639781885432,17,12,9,3,11,18,3,0,0,1
2023-03-05,Athletic Bilbao,Getafe,0,2,41.901060910653854,58.098939089346146,15,12,13,4,6,17,1,3,0,1
2023-07-21,Athletic Bilbao,Cadiz,3,4,40.75142180797815,59.24857819202185,18,9,9,1,17,13,3,4,0,1
2023-07-07,Athletic Bilbao,Valencia,4,4,48.7496385321642,51.2503614678358,7,10,4,6,7,19,3,0,0,0
2023-05-25,Athletic Bilbao,Elche,2,2,43.632279355132056,56.367720644867944,18,15,15,6,8,11,4,4,1,0
2023-11-23,Athletic Bilbao,Levante,1,1,40.41342737783809,59.58657262216191,6,19,1,17,15,14,0,0,1,1
2023-09-27,Athletic Bilbao,Getafe,4,4,42.050319281329486,57.949680718670514,5,19,1,4,5,13,1,2,1,0
2023-07-26,Athletic Bilbao,Getafe,4,0,45.48143178684382,54.51856821315618,15,13,13,9,17,10,3,3,0,0
2023-01-12,Athletic Bilbao,Cadiz,4,0,46.23968040652837,53.76031959347163,14,19,4,4,6,5,2,2,1,0
2023-10-01,Athletic Bilbao,Valencia,1,4,41.95028651281795,58.04971348718205,12,15,3,6,13,5,0,2,0,0
2023-11-16,Athletic Bilbao,Real Sociedad,4,2,59.04934233375694,40.95065766624306,15,15,10,9,8,19,3,3,0,1
2023-09-05,Athletic Bilbao,Rayo Vallecano,2,1,56.65660753576542,43.34339246423458,7,7,2,4,12,16,0,0,1,1
2023-05-27,Athletic Bilbao,Osasuna,3,0,58.69988863677531,41.30011136322469,9,13,4,5,10,12,2,0,1,1
2023-09-19,Athletic Bilbao,Levante,4,2,41.131713122934315,58.868286877065685,19,11,4,1,17,8,2,4,1,1
2023-10-09,Athletic Bilbao,Elche,0,1,49.00233052949622,50.99766947050378,14,5,2,2,14,9,3,0,0,1
2023-01-27,Athletic Bilbao,Celta Vigo,0,3,41.48084435824696,58.51915564175304,7,14,2,9,7,6,3,1,1,1
2023-07-07,Athletic Bilbao,Osasuna,2,4,58.51044415703762,41.48955584296238,8,15,1,6,8,16,2,3,0,0
2023-05-02,Athletic Bilbao,Barcelona,2,2,53.52052576105095,46.47947423894905,5,10,1,4,15,16,1,4,1,0
2023-10-25,Athletic Bilbao,Rayo Vallecano,1,4,58.89472517566159,41.10527482433841,10,7,5,3,12,10,3,1,1,0
2023-01-17,Athletic Bilbao,Granada,4,3,58.725342788264385,41.274657211735615,13,8,3,1,14,8,0,4,1,1
2023-06-17,Athletic Bilbao,Real Betis,1,1,54.856499498126325,45.143500501873675,6,7,4,3,9,19,0,3,0,0
2023-11-09,Athletic Bilbao,Sevilla,2,1,59.92524573049754,40.07475426950246,16,5,11,1,13,14,1,3,0,1
2023-01-21,Athletic Bilbao,Villarreal,3,0,44.28812965986329,55.71187034013671,9,15,8,2,12,15,4,1,0,1
2023-11-16,Athletic Bilbao,Real Madrid,1,1,57.69928616361176,42.30071383638824,19,7,4,3,19,17,2,1,1,0
2023-08-19,Athletic Bilbao,Alaves,1,0,58.415332169267145,41.584667830732855,10,15,9,7,5,16,3,0,1,0
2023-02-24,Athletic Bilbao,Celta Vigo,2,4,48.22678932998288,51.77321067001712,14,15,11,12,10,14,3,1,1,0
2023-02-02,Athletic Bilbao,Real Sociedad,2,1,40.43826657550018,59.56173342449982,8,10,7,6,12,8,3,0,0,0
2023-06-18,Athletic Bilbao,Alaves,0,0,58.48053740851466,41.51946259148534,9,17,5,1,14,16,4,1,0,0
2023-04-19,Athletic Bilbao,Granada,2,3,45.783748925919,54.216251074081,8,16,4,11,12,14,0,4,0,0
2023-07-14,Athletic Bilbao,Granada,4,3,52.64433195507898,47.35566804492102,5,14,2,7,5,5,4,4,0,1
2023-03-07,Athletic Bilbao,Rayo Vallecano,0,4,53.538815659936745,46.461184340063255,5,16,3,3,18,13,0,4,0,0
2023-04-15,Athletic Bilbao,Granada,4,0,54.81252297788741,45.18747702211259,9,6,5,4,6,18,0,0,1,0
2023-03-14,Athletic Bilbao,Espanyol,1,1,52.69278512974761,47.30721487025239,7,8,2,1,14,16,2,2,1,0
2023-11-09,Athletic Bilbao,Valencia,0,0,50.81810007676162,49.18189992323838,14,12,10,1,17,6,1,2,0,1
2023-02-16,Athletic Bilbao,Real Madrid,4,0,49.91407500463782,50.08592499536218,17,17,7,16,12,14,0,4,0,1
2023-03-07,Valencia,Cadiz,1,0,59.02884057451362,40.97115942548638,5,5,2,1,15,13,2,4,0,0
2023-10-16,Valencia,Osasuna,0,3,53.94550838107714,46.05449161892286,12,5,9,2,13,7,3,2,1,0
2023-03-19,Valencia,Villarreal,1,0,57.65119753544695,42.34880246455305,7,15,5,14,18,13,1,2,1,1
2023-08-22,Valencia,Barcelona,3,0,54.8616307926276,45.1383692073724,19,16,17,13,6,6,4,4,1,0
2023-03-19,Valencia,Espanyol,2,2,54.132685269351924,45.867314730648076,8,15,4,4,15,14,2,2,1,0
2023-01-09,Valencia,Barcelona,3,3,41.90743204546117,58.09256795453883,12,19,9,4,12,13,1,1,0,1
2023-07-26,Valencia,Granada,3,0,40.29256517755351,59.70743482244649,7,16,5,11,11,16,0,3,1,0
2023-07-03,Valencia,Cadiz,4,1,57.7825584788002,42.2174415211998,9,9,6,6,14,16,1,4,0,0
2023-08-08,Valencia,Levante,2,0,44.83001255985667,55.16998744014333,15,6,14,4,14,16,2,0,1,1
2023-03-26,Valencia,Elche,1,0,45.438920788368975,54.561079211631025,10,13,3,6,7,18,4,0,1,0
2023-11-04,Valencia,Alaves,1,4,56.298794570810784,43.701205429189216,8,11,7,6,12,8,1,4,1,1
2023-08-01,Valencia,Real Madrid,4,4,57.583715452024954,42.416284547975046,7,19,5,14,6,10,0,2,1,1
2023-08-13,Valencia,Villarreal,1,1,54.96009472742807,45.03990527257193,5,10,1,6,15,8,3,2,0,0
2023-03-13,Valencia,Espanyol,2,2,51.42324597244722,48.57675402755278,17,17,1,3,8,15,2,4,0,1
2023-05-03,Valencia,Osasuna,1,0,55.246052490019196,44.753947509980804,11,19,10,3,7,9,4,4,1,0
2023-03-11,Valencia,Sevilla,1,1,42.76870986658788,57.23129013341212,13,8,3,7,12,15,1,3,0,0
2023-03-21,Valencia,Real Sociedad,3,1,52.990178594148944,47.009821405851056,5,14,4,6,13,18,2,2,0,1
2023-08-23,Valencia,Elche,2,4,52.63287030165783,47.36712969834217,11,13,9,9,10,14,2,0,1,0
2023-01-15,Valencia,Sevilla,3,1,53.35521183206306,46.64478816793694,17,18,14,16,5,11,2,2,0,1
2023-06-20,Valencia,Athletic Bilbao,2,3,49.769912653198105,50.230087346801895,18,17,13,2,9,5,1,3,1,1
2023-08-12,Valencia,Osasuna,2,3,40.63487530745977,59.36512469254023,12,14,1,4,8,11,2,4,0,0
2023-11-21,Valencia,Levante,0,2,44.01105955690533,55.98894044309467,9,14,1,7,13,12,4,3,1,0
2023-01-17,Valencia,Mallorca,1,4,41.702069722395706,58.297930277604294,15,6,2,4,14,6,2,3,1,1
2023-04-15,Valencia,Espanyol,4,3,59.46153595824597,40.53846404175403,18,13,8,8,12,16,2,4,1,1
2023-07-17,Valencia,Espanyol,3,4,46.049580583358534,53.950419416641466,8,9,2,6,8,19,1,1,0,0
2023-05-06,Valencia,Osasuna,1,2,40.06281812096244,59.93718187903756,16,18,7,17,5,11,1,0,0,1
2023-09-22,Valencia,Barcelona,4,0,51.485751501804216,48.514248498195784,7,16,1,15,14,19,4,0,1,0
2023-04-26,Valencia,Athletic Bilbao,2,4,49.787850748131774,50.212149251868226,13,19,12,12,10,7,3,0,0,1
2023-07-07,Valencia,Elche,3,2,55.24893917349737,44.75106082650263,18,12,13,1,5,9,2,4,0,1
2023-06-04,Valencia,Alaves,3,0,54.83205238903571,45.16794761096429,15,10,6,8,16,9,2,3,0,0
2023-06-06,Valencia,Barcelona,0,2,58.7778992008255,41.2221007991745,15,16,1,11,19,17,4,3,0,0
2023-05-26,Valencia,Celta Vigo,3,3,40.013067815225995,59.986932184774005,19,14,18,1,8,8,4,0,1,1
2023-01-15,Valencia,Real Madrid,4,0,45.87898202033795,54.12101797966205,12,6,11,5,11,18,2,1,0,0
2023-07-05,Valencia,Granada,0,3,55.211512849105645,44.788487150894355,11,6,6,2,19,5,4,1,0,1
2023-11-21,Valencia,Elche,4,0,50.211615149191196,49.788384850808804,8,19,1,10,16,19,4,3,1,0
2023-06-15,Valencia,Celta Vigo,0,3,40.49943324234099,59.50056675765901,6,13,4,1,17,18,0,0,1,1
2023-01-11,Valencia,Mallorca,1,2,55.015392984221116,44.984607015778884,15,19,1,1,14,17,4,4,1,0
2023-06-18,Valencia,Real Betis,4,4,56.53717121945506,43.46282878054494,10,12,9,1,7,7,2,0,0,0
2023-08-19,Celta Vigo,Barcelona,3,2,52.22927222451322,47.77072777548678,7,12,6,2,10,11,4,2,1,1
2023-11-04,Celta Vigo,Cadiz,1,4,40.205689918713844,59.794310081286156,5,13,4,7,16,18,2,1,1,0
2023-08-24,Celta Vigo,Alaves,2,3,45.22097052469696,54.77902947530304,6,12,1,8,12,6,3,3,0,0
2023-08-12,Celta Vigo,Getafe,4,0,58.26465360842913,41.73534639157087,7,14,6,6,14,13,1,3,1,1
2023-03-03,Celta Vigo,Espanyol,4,2,55.14096229397251,44.85903770602749,5,19,3,12,13,9,3,1,0,1
2023-04-12,Celta Vigo,Elche,3,0,48.801160930187976,51.198839069812024,6,18,3,17,8,10,4,4,0,1
2023-10-26,Celta Vigo,Real Betis,3,0,43.28811058157758,56.71188941842242,13,14,5,6,5,15,3,3,0,1
2023-06-08,Celta Vigo,Atletico Madrid,2,1,51.211596180020976,48.788403819979024,8,5,7,3,17,9,1,4,0,0
2023-08-27,Celta Vigo,Real Sociedad,4,4,44.525505016332,55.474494983668,15,6,1,4,7,18,2,3,1,1
2023-10-13,Celta Vigo,Villarreal,2,4,44.924883219412,55.075116780588,16,14,14,9,11,19,1,4,1,0
2023-07-20,Celta Vigo,Barcelona,0,3,50.47172970442906,49.52827029557094,10,12,5,1,5,13,1,1,0,0
2023-06-06,Celta Vigo,Cadiz,2,4,55.878587717199295,44.121412282800705,18,19,17,17,10,14,4,0,1,0
2023-06-03,Celta Vigo,Levante,4,4,47.69222151957536,52.30777848042464,5,19,1,3,16,10,4,1,0,0
2023-10-15,Celta Vigo,Barcelona,4,1,48.15496210005465,51.84503789994535,10,15,2,2,8,5,0,4,0,1
2023-07-15,Celta Vigo,Mallorca,2,2,40.88080758776929,59.11919241223071,7,5,3,3,8,8,2,1,1,1
2023-08-17,Celta Vigo,Athletic Bilbao,2,1,42.11748636426259,57.88251363573741,8,17,6,10,18,9,3,2,1,1
2023-04-13,Celta Vigo,Levante,1,3,50.36552352895293,49.63447647104707,6,19,3,8,12,19,2,0,0,0
2023-08-07,Celta Vigo,Barcelona,3,2,47.59233528903341,52.40766471096659,17,13,16,3,18,14,1,1,0,0
2023-02-11,Celta Vigo,Villarreal,4,4,40.16118206684239,59.83881793315761,12,14,4,13,11,10,1,1,0,1
2023-05-10,Celta Vigo,Valencia,3,2,51.18810851454714,48.81189148545286,14,15,11,1,8,19,3,0,0,0
2023-06-24,Celta Vigo,Real Sociedad,2,0,48.004245516993436,51.995754483006564,11,15,10,3,13,16,3,0,1,0
2023-09-23,Celta Vigo,Valencia,1,2,57.74238634447397,42.25761365552603,9,19,4,2,17,12,0,1,1,1
2023-10-23,Celta Vigo,Alaves,0,0,53.23437365287913,46.76562634712087,8,6,2,3,15,15,4,4,1,0
2023-07-17,Celta Vigo,Villarreal,1,3,40.71860364371946,59.28139635628054,6,10,3,1,7,6,2,4,0,1
2023-06-25,Celta Vigo,Levante,3,2,46.12865645406743,53.87134354593257,14,16,12,13,8,11,1,1,0,0
2023-08-07,Celta Vigo,Getafe,3,3,48.20991588121109,51.79008411878891,15,5,13,1,12,8,4,4,1,1
2023-06-15,Celta Vigo,Sevilla,3,4,41.670498293600374,58.329501706399626,18,14,7,13,8,16,4,4,0,0
2023-04-15,Celta Vigo,Getafe,3,2,44.32501056373058,55.67498943626942,9,9,3,7,8,17,3,0,1,0
2023-02-22,Celta Vigo,Sevilla,1,4,56.54713109652291,43.45286890347709,18,17,2,13,15,18,4,3,1,1
2023-04-09,Celta Vigo,Getafe,2,2,52.96210069068247,47.03789930931753,8,19,7,9,8,6,1,4,1,0
2023-05-22,Celta Vigo,Osasuna,1,3,45.41287883963531,54.58712116036469,6,17,2,9,14,19,3,2,1,1
2023-09-21,Celta Vigo,Atletico Madrid,4,2,59.7034911018135,40.2965088981865,6,15,4,10,6,6,3,0,1,1
2023-07-21,Celta Vigo,Levante,2,0,42.58348890486221,57.41651109513779,9,8,7,2,19,6,3,0,0,0
2023-05-10,Celta Vigo,Real Madrid,1,1,57.31124766344407,42.68875233655593,16,7,10,3,12,6,2,2,0,0
2023-03-10,Celta Vigo,Mallorca,2,0,58.87856566952915,41.12143433047085,5,6,4,4,10,16,0,4,1,1
2023-08-01,Celta Vigo,Espanyol,4,0,53.04470706264881,46.95529293735119,19,9,16,5,10,13,3,1,0,0
2023-02-26,Celta Vigo,Valencia,0,1,48.22749142825179,51.77250857174821,13,16,10,9,14,13,1,3,0,1
2023-01-19,Celta Vigo,Barcelona,3,3,43.49294371792659,56.50705628207341,15,6,9,2,17,19,3,4,1,1
2023-08-21,Espanyol,Villarreal,1,4,52.01824011318172,47.98175988681828,18,6,12,4,17,8,4,3,1,0
2023-04-20,Espanyol,Real Madrid,1,2,45.072711110280764,54.927288889719236,17,15,16,11,9,8,4,2,1,0
2023-06-12,Espanyol,Alaves,0,4,56.74526014277018,43.25473985722982,17,11,14,1,13,10,3,1,0,0
2023-11-14,Espanyol,Athletic Bilbao,2,0,40.27268047811643,59.72731952188357,7,5,4,3,18,10,4,2,1,0
2023-09-06,Espanyol,Real Sociedad,0,1,52.14270561767154,47.85729438232846,16,15,9,8,11,5,3,3,0,1
2023-07-15,Espanyol,Osasuna,2,4,41.75299672389306,58.24700327610694,7,8,6,3,5,19,1,4,0,0
2023-02-20,Espanyol,Cadiz,4,2,47.293413524686734,52.706586475313266,16,7,5,3,16,16,3,4,1,0
2023-04-19,Espanyol,Villarreal,2,2,52.38345470731673,47.61654529268327,17,17,12,9,10,16,3,4,0,1
2023-03-08,Espanyol,Osasuna,3,1,50.47127159059711,49.52872840940289,7,14,3,13,16,13,3,2,1,0
2023-07-14,Espanyol,Rayo Vallecano,2,1,45.913300785432384,54.086699214567616,15,10,2,3,10,18,3,0,1,1
2023-03-08,Espanyol,Real Madrid,2,3,54.60443435514499,45.39556564485501,12,11,11,7,17,8,0,3,1,1
2023-11-19,Espanyol,Alaves,4,4,40.41868235653467,59.58131764346533,12,13,9,6,10,13,3,3,0,1
2023-07-14,Espanyol,Cadiz,1,2,47.40049048285632,52.59950951714368,13,11,7,2,16,15,0,1,0,1
2023-01-04,Espanyol,Rayo Vallecano,2,3,59.95498778020401,40.04501221979599,18,18,13,15,18,12,0,2,1,1
2023-05-22,Espanyol,Getafe,3,1,41.22892580261575,58.77107419738425,11,13,10,7,10,5,1,0,0,1
2023-09-07,Espanyol,Celta Vigo,4,1,48.02923558178087,51.97076441821913,8,5,1,4,9,16,1,3,0,1
2023-06-26,Espanyol,Osasuna,3,0,40.839281468872684,59.160718531127316,6,13,5,3,12,17,2,3,1,1
2023-11-14,Espanyol,Osasuna,0,1,43.44172064905253,56.55827935094747,17,7,15,3,15,19,3,4,0,0
2023-10-16,Espanyol,Levante,0,3,44.01541949513357,55.98458050486643,10,15,2,12,16,18,3,1,1,0
2023-01-26,Espanyol,Villarreal,1,1,43.54307046445251,56.45692953554749,10,16,8,8,10,7,4,1,0,1
2023-09-10,Espanyol,Real Sociedad,0,1,56.19350072531779,43.80649927468221,10,18,7,9,10,9,3,4,0,0
2023-02-20,Espanyol,Getafe,4,3,41.09130816565398,58.90869183434602,7,11,3,2,16,10,4,1,0,1
2023-04-27,Espanyol,Osasuna,1,3,47.06205777876779,52.93794222123221,17,12,6,2,16,19,1,0,0,0
2023-07-19,Espanyol,Levante,0,0,40.420422134524344,59.579577865475656,10,9,7,5,14,9,2,1,0,0
2023-07-27,Espanyol,Getafe,2,2,54.84587076340526,45.15412923659474,17,19,3,6,16,19,4,4,0,0
2023-08-23,Espanyol,Athletic Bilbao,1,3,49.488697872414704,50.511302127585296,7,9,3,5,12,11,4,2,1,0
2023-05-25,Espanyol,Alaves,1,0,58.055275759290176,41.944724240709824,5,9,4,1,14,15,0,0,1,1
2023-10-14,Espanyol,Cadiz,0,3,47.16279433058289,52.83720566941711,15,10,5,9,6,18,4,2,1,1
2023-11-25,Espanyol,Elche,3,2,46.622929783283,53.377070216717,19,13,8,4,16,5,3,0,1,1
2023-10-08,Espanyol,Atletico Madrid,4,4,43.390081837321176,56.609918162678824,8,10,2,2,6,14,4,1,0,0
2023-02-15,Espanyol,Mallorca,0,2,56.87510087974587,43.12489912025413,11,9,10,6,18,10,4,3,1,0
2023-03-11,Espanyol,Real Madrid,2,1,56.20936434430932,43.79063565569068,16,16,12,11,5,7,3,2,1,0
2023-05-26,Espanyol,Cadiz,2,1,53.045502217981,46.954497782019,12,10,7,6,10,16,2,3,0,1
2023-07-23,Espanyol,Athletic Bilbao,4,1,58.140839208300434,41.859160791699566,13,13,1,6,11,7,2,2,0,1
2023-11-18,Espanyol,Granada,0,4,49.43479675036878,50.56520324963122,11,15,2,8,7,19,2,1,0,1
2023-04-27,Espanyol,Levante,2,0,54.8947345565842,45.1052654434158,13,19,5,8,17,17,0,3,0,1
2023-09-02,Espanyol,Cadiz,0,1,40.12928715579421,59.87071284420579,10,15,9,13,10,10,4,2,1,1
2023-03-23,Espanyol,Athletic Bilbao,4,2,41.218038661989866,58.781961338010134,7,6,1,4,17,12,4,2,1,0
2023-09-13,Osasuna,Sevilla,0,3,42.433906134533444,57.566093865466556,6,13,2,3,11,7,0,2,0,0
2023-03-01,Osasuna,Celta Vigo,1,3,55.81382203800336,44.18617796199664,6,6,1,5,17,10,4,1,1,1
2023-11-07,Osasuna,Valencia,1,1,50.3615499608069,49.6384500391931,8,6,4,4,17,13,3,0,0,0
2023-01-16,Osasuna,Sevilla,2,0,57.723425881119866,42.276574118880134,11,9,4,7,6,19,1,4,0,1
2023-10-09,Osasuna,Celta Vigo,2,0,42.752594687967225,57.247405312032775,15,7,5,5,14,17,3,4,1,0
2023-08-09,Osasuna,Celta Vigo,3,1,53.60958925048748,46.39041074951252,16,11,7,8,11,9,4,1,0,0
2023-04-12,Osasuna,Elche,0,4,53.434177184881214,46.565822815118786,17,14,7,12,14,11,2,1,0,1
2023-06-20,Osasuna,Espanyol,4,2,47.96561098178109,52.03438901821891,16,7,14,6,12,13,3,0,1,0
2023-07-14,Osasuna,Atletico Madrid,0,2,59.12583763026723,40.87416236973277,11,18,3,17,13,19,2,1,1,1
2023-10-17,Osasuna,Rayo Vallecano,4,4,57.42630494493707,42.57369505506293,14,6,4,1,10,12,1,4,1,0
2023-08-11,Osasuna,Cadiz,1,2,46.12094332457543,53.87905667542457,16,7,11,6,17,18,2,1,1,0
2023-11-08,Osasuna,Villarreal,2,3,45.78881789936416,54.21118210063584,10,15,7,9,17,5,4,3,0,0
2023-06-13,Osasuna,Atletico Madrid,2,0,49.50951430465467,50.49048569534533,10,11,7,9,15,15,1,4,0,1
2023-05-09,Osasuna,Sevilla,2,0,49.21796676413164,50.78203323586836,9,7,4,6,7,8,4,4,0,0
2023-08-20,Osasuna,Cadiz,1,1,46.126019937750755,53.873980062249245,6,19,3,15,6,8,2,4,0,1
2023-04-17,Osasuna,Athletic Bilbao,4,0,41.12324019806626,58.87675980193374,19,16,14,9,17,6,1,4,0,0
2023-08-27,Osasuna,Real Betis,1,0,49.02533228146229,50.97466771853771,13,12,4,5,17,9,2,4,1,1
2023-11-17,Osasuna,Cadiz,1,1,58.61648149980228,41.38351850019772,11,6,6,1,11,13,4,4,1,1
2023-03-09,Osasuna,Levante,4,0,48.373902866553685,51.626097133446315,13,6,9,3,8,10,1,4,1,0
2023-01-18,Osasuna,Alaves,0,0,54.11125423299382,45.88874576700618,8,8,5,2,15,15,2,0,1,1
2023-07-04,Osasuna,Valencia,3,1,41.07661049816918,58.92338950183082,14,12,8,1,17,12,1,4,0,0
2023-07-10,Osasuna,Espanyol,0,1,57.32071350091513,42.67928649908487,7,18,2,2,14,8,2,1,1,0
2023-06-22,Osasuna,Athletic Bilbao,1,0,57.73005053283805,42.26994946716195,5,8,2,3,17,9,1,0,0,0
2023-10-19,Osasuna,Mallorca,2,3,56.55047387907634,43.44952612092366,10,12,1,6,5,5,2,0,0,1
2023-06-11,Osasuna,Atletico Madrid,3,4,54.748198886238924,45.251801113761076,14,6,1,2,11,14,0,0,0,1
2023-08-23,Osasuna,Atletico Madrid,2,0,41.41071275185913,58.58928724814087,7,6,5,1,8,9,4,4,0,0
2023-11-21,Osasuna,Real Madrid,4,3,48.80142150132997,51.19857849867003,10,12,1,4,14,15,0,0,0,0
2023-05-07,Osasuna,Villarreal,3,1,47.54107862003398,52.45892137996602,8,18,6,16,11,7,1,1,1,0
2023-05-12,Osasuna,Cadiz,0,3,53.26725068029363,46.73274931970637,19,9,6,3,6,10,4,0,0,0
2023-07-15,Osasuna,Granada,3,2,47.046541085050784,52.953458914949216,19,8,13,7,15,13,4,4,1,0
2023-07-06,Osasuna,Real Madrid,4,1,55.35939956123663,44.64060043876337,7,11,5,2,5,13,0,2,1,1
2023-11-07,Osasuna,Elche,0,0,51.23727579619037,48.76272420380963,8,10,7,7,14,6,3,4,1,1
2023-01-10,Osasuna,Cadiz,2,1,51.2879076067798,48.7120923932202,16,12,9,11,16,5,2,1,1,1
2023-02-07,Osasuna,Sevilla,4,0,53.67740249818064,46.32259750181936,10,19,1,11,14,13,4,2,0,1
2023-08-08,Osasuna,Valencia,0,0,44.63198049527798,55.36801950472202,13,6,9,4,18,12,0,3,0,0
2023-08-26,Osasuna,Elche,2,4,50.93354529794624,49.06645470205376,11,17,8,10,17,5,1,1,1,1
2023-02-17,Osasuna,Real Sociedad,0,0,42.2981268672382,57.7018731327618,8,6,3,4,12,12,2,3,0,0
2023-11-15,Osasuna,Getafe,3,4,57.452517709717924,42.547482290282076,14,8,10,1,14,14,3,0,1,1
2023-02-01,Mallorca,Atletico Madrid,1,2,51.37910966563702,48.62089033436298,5,16,1,8,19,7,2,0,0,1
2023-08-20,Mallorca,Atletico Madrid,3,4,52.02768141377127,47.97231858622873,18,18,4,16,12,17,0,0,0,1
2023-10-08,Mallorca,Levante,4,3,52.3840863458431,47.6159136541569,8,11,1,10,14,18,0,1,0,0
2023-04-04,Mallorca,Atletico Madrid,4,1,59.142696650795926,40.857303349204074,18,16,17,12,14,16,0,4,1,1
2023-10-21,Mallorca,Barcelona,3,3,41.07563928354756,58.92436071645244,14,13,7,7,5,18,3,1,1,1
2023-03-23,Mallorca,Alaves,3,1,57.11102246871745,42.88897753128255,18,7,2,4,17,18,4,3,1,1
2023-04-27,Mallorca,Osasuna,4,2,43.83472434780533,56.16527565219467,7,10,4,5,15,9,2,4,0,0
2023-10-05,Mallorca,Atletico Madrid,4,4,42.382130717534324,57.617869282465676,7,17,6,1,14,9,4,0,0,1
2023-10-24,Mallorca,Athletic Bilbao,4,2,46.1253577400923,53.8746422599077,11,18,10,12,10,16,1,0,1,1
2023-01-03,Mallorca,Cadiz,2,0,51.28833175559495,48.71166824440505,8,14,5,2,14,9,0,3,1,0
2023-02-12,Mallorca,Rayo Vallecano,0,1,51.83433937784801,48.16566062215199,12,17,3,11,19,13,3,0,1,1
2023-05-04,Mallorca,Espanyol,1,4,56.10348794720754,43.89651205279246,12,8,10,4,17,18,1,4,1,0
2023-02-07,Mallorca,Osasuna,3,0,46.55767988036517,53.44232011963483,10,10,6,6,16,14,1,0,0,1
2023-08-19,Mallorca,Real Betis,1,4,50.360208627521956,49.639791372478044,9,13,6,7,12,5,2,1,1,1
2023-10-27,Mallorca,Osasuna,1,0,55.37494262725026,44.62505737274974,14,14,9,11,11,6,0,3,1,1
2023-08-01,Mallorca,Villarreal,4,1,45.24816752978604,54.75183247021396,5,9,2,4,7,7,1,4,1,1
2023-08-08,Mallorca,Alaves,4,3,44.62715284518818,55.37284715481182,11,8,1,3,6,14,1,3,0,0
2023-08-25,Mallorca,Granada,3,1,52.61540840345241,47.38459159654759,9,18,3,16,5,16,1,4,0,1
2023-09-16,Mallorca,Elche,4,1,50.928141484242644,49.071858515757356,17,7,13,3,14,12,2,1,1,0
2023-02-11,Mallorca,Osasuna,3,3,50.656540748027886,49.343459251972114,9,10,4,2,19,9,1,1,1,1
2023-07-08,Mallorca,Levante,3,0,48.128330731480375,51.871669268519625,9,17,5,11,14,8,4,0,0,1
2023-10-24,Mallorca,Elche,3,2,46.019326392632436,53.980673607367564,8,9,6,1,8,15,3,1,0,0
2023-01-27,Mallorca,Levante,4,2,44.07069747773793,55.92930252226207,17,19,4,8,19,9,1,0,1,1
2023-01-09,Mallorca,Real Sociedad,3,4,58.264593725585414,41.735406274414586,10,16,8,3,9,6,1,4,0,1
2023-10-14,Mallorca,Granada,2,1,48.572885584170635,51.427114415829365,9,5,7,4,13,12,4,2,1,0
2023-06-15,Mallorca,Getafe,4,4,47.74446282420414,52.25553717579586,7,14,4,6,8,19,1,3,0,0
2023-02-04,Mallorca,Osasuna,4,2,52.80761493288482,47.19238506711518,9,6,3,3,18,19,0,1,0,1
2023-09-13,Mallorca,Sevilla,1,3,44.56662504737221,55.43337495262779,16,8,5,2,14,5,1,0,1,0
2023-10-22,Mallorca,Atletico Madrid,1,0,46.77889550696897,53.22110449303103,11,10,4,1,15,13,3,1,0,1
2023-07-15,Mallorca,Athletic Bilbao,2,2,50.03890810263684,49.96109189736316,12,5,10,4,13,19,4,2,1,1
2023-04-03,Mallorca,Osasuna,0,1,57.25919246626037,42.74080753373963,11,16,1,12,11,9,3,3,0,1
2023-07-16,Mallorca,Getafe,4,4,45.81753708463165,54.18246291536835,6,9,5,3,18,17,1,3,1,1
2023-07-25,Mallorca,Rayo Vallecano,3,4,46.65458953020758,53.34541046979242,6,6,5,2,14,13,4,4,1,1
2023-06-27,Mallorca,Celta Vigo,3,2,50.43101967821934,49.56898032178066,5,16,1,7,18,9,4,0,0,0
2023-10-25,Mallorca,Real Sociedad,3,4,58.716522668056456,41.283477331943544,15,19,3,4,6,5,4,0,1,0
2023-01-04,Mallorca,Espanyol,1,3,47.784172372468774,52.215827627531226,10,13,1,7,14,15,4,3,0,1
2023-07-20,Mallorca,Alaves,3,0,59.177437463808204,40.822562536191796,12,9,2,7,10,13,4,2,1,0
2023-03-10,Mallorca,Real Madrid,4,2,41.65144316070554,58.34855683929446,7,13,5,6,17,11,3,3,1,0
2023-05-24,Granada,Barcelona,2,4,51.41707872557523,48.58292127442477,11,13,1,2,7,7,1,1,0,1
2023-01-27,Granada,Valencia,1,3,54.973969568783104,45.026030431216896,9,11,2,5,10,15,0,3,1,0
2023-06-25,Granada,Sevilla,4,3,56.90024474311552,43.09975525688448,17,13,4,3,12,18,4,1,1,0
2023-02-17,Granada,Rayo Vallecano,2,2,40.27323370941219,59.72676629058781,5,19,4,9,19,16,3,4,0,1
2023-04-01,Granada,Rayo Vallecano,4,0,55.01196913488253,44.98803086511747,14,19,11,7,16,10,1,2,1,1
2023-01-18,Granada,Villarreal,3,1,47.440871356244145,52.559128643755855,6,16,3,15,13,15,0,2,0,1
2023-04-07,Granada,Real Sociedad,3,0,57.78024380221919,42.21975619778081,6,15,4,13,10,11,3,0,0,0
2023-10-05,Granada,Osasuna,3,1,40.13593097172224,59.86406902827776,16,16,7,2,6,14,3,1,0,1
2023-09-19,Granada,Villarreal,3,2,41.771566792732884,58.228433207267116,11,6,6,2,10,17,1,2,1,1
2023-06-18,Granada,Osasuna,4,1,46.19337740802585,53.80662259197415,7,10,6,3,7,17,3,4,1,0
2023-08-02,Granada,Villarreal,3,1,45.794559674764294,54.205440325235706,5,8,2,3,9,14,0,2,0,0
2023-04-24,Granada,Real Betis,2,2,56.00275165504152,43.99724834495848,13,9,8,8,10,7,3,0,1,0
2023-11-06,Granada,Sevilla,0,3,46.2566839504844,53.7433160495156,7,5,1,2,13,17,3,1,1,1
2023-11-26,Granada,Espanyol,2,2,45.878335210098676,54.121664789901324,14,16,8,5,8,11,4,0,0,0
2023-08-10,Granada,Mallorca,0,0,55.03596327173866,44.96403672826134,17,7,3,5,14,15,4,1,1,1
2023-03-08,Granada,Barcelona,2,4,49.84003458864166,50.15996541135834,6,10,1,4,13,6,1,0,1,0
2023-01-13,Granada,Villarreal,2,4,46.08247698936072,53.91752301063928,18,10,6,2,10,8,0,3,0,0
2023-05-17,Granada,Athletic Bilbao,3,0,49.167269588526125,50.832730411473875,19,9,7,2,10,10,4,4,1,0
2023-10-27,Granada,Celta Vigo,3,1,44.40654786875165,55.59345213124835,10,10,3,2,16,6,4,0,1,0
2023-07-21,Granada,Real Sociedad,4,3,52.52109417961603,47.47890582038397,15,18,10,13,15,14,1,4,0,1
2023-07-02,Granada,Real Sociedad,4,1,50.13999240286695,49.86000759713305,7,13,5,6,17,14,2,3,1,0
2023-01-06,Granada,Espanyol,1,2,54.506527814717565,45.493472185282435,9,11,7,6,18,6,2,3,0,0
2023-11-01,Granada,Elche,2,2,53.00374332891307,46.99625667108693,11,5,9,3,10,8,2,2,1,1
2023-10-05,Granada,Osasuna,0,1,49.272441486869,50.727558513131,10,17,2,12,8,10,4,0,0,1
2023-01-03,Granada,Levante,1,4,47.10567948473845,52.89432051526155,17,9,13,2,10,19,3,1,1,0
2023-11-16,Granada,Getafe,0,4,42.79384745205877,57.20615254794123,19,19,13,16,11,15,4,1,1,0
2023-10-26,Granada,Real Betis,2,0,57.54240935324576,42.45759064675424,12,5,5,3,10,9,2,4,1,1
2023-10-14,Granada,Athletic Bilbao,1,0,50.541003129851276,49.458996870148724,13,19,10,10,17,10,3,3,0,1
2023-06-07,Granada,Real Sociedad,0,4,40.34996427974777,59.65003572025223,16,10,15,5,5,13,0,0,0,0
2023-10-19,Granada,Mallorca,0,2,56.7679927618438,43.2320072381562,12,11,5,10,11,14,3,0,0,1
2023-02-25,Granada,Alaves,0,4,52.39495708983132,47.60504291016868,11,14,10,4,13,10,4,2,1,0
2023-05-02,Granada,Real Betis,1,1,53.20776504791651,46.79223495208349,6,16,5,4,11,12,3,0,0,0
2023-05-20,Granada,Real Madrid,4,0,43.3300709409903,56.6699290590097,18,11,11,8,10,16,4,1,0,0
2023-03-24,Granada,Celta Vigo,3,3,58.23570224763543,41.76429775236457,15,5,3,2,19,19,0,1,0,0
2023-10-19,Granada,Getafe,3,2,58.56028473458762,41.43971526541238,17,14,11,2,6,11,0,1,1,0
2023-11-07,Granada,Villarreal,2,3,45.31371129732527,54.68628870267473,14,5,5,4,19,6,0,3,1,1
2023-01-24,Granada,Sevilla,2,3,42.877359326866596,57.122640673133404,13,14,3,1,9,7,2,4,1,0
2023-04-04,Granada,Sevilla,3,3,56.429425055523815,43.570574944476185,6,13,2,6,6,9,3,3,0,0
2023-06-26,Alaves,Villarreal,4,0,57.81947769381408,42.18052230618592,19,7,9,6,5,9,1,3,1,1
2023-11-01,Alaves,Granada,2,1,53.733572234482594,46.266427765517406,19,7,2,3,13,7,2,4,1,1
2023-07-14,Alaves,Sevilla,3,2,51.46863650711322,48.53136349288678,14,14,10,11,5,9,4,1,0,0
2023-04-04,Alaves,Real Madrid,1,0,45.428617285521064,54.571382714478936,17,17,2,14,13,19,1,4,0,0
2023-02-18,Alaves,Sevilla,0,0,56.460071488938695,43.539928511061305,15,18,3,10,10,17,1,1,1,0
2023-09-25,Alaves,Levante,4,3,48.27412063820061,51.72587936179939,5,16,4,5,12,16,1,3,0,1
2023-09-10,Alaves,Real Sociedad,0,2,42.003099950135336,57.996900049864664,16,17,3,10,13,17,0,1,1,1
2023-04-25,Alaves,Atletico Madrid,2,4,58.122018573608514,41.877981426391486,7,11,1,2,17,10,0,3,1,0
2023-02-18,Alaves,Osasuna,4,4,48.917732397196154,51.082267602803846,16,14,8,11,19,13,1,4,1,0
2023-06-23,Alaves,Real Betis,2,4,40.688064169069165,59.311935830930835,13,18,8,6,15,16,1,0,1,1
2023-04-02,Alaves,Cadiz,2,1,48.347658836009465,51.652341163990535,9,8,8,4,18,16,4,2,1,1
2023-08-02,Alaves,Espanyol,0,0,43.8469272630783,56.1530727369217,12,13,3,5,15,19,2,2,1,1
2023-02-10,Alaves,Rayo Vallecano,4,3,54.36136322401722,45.63863677598278,7,9,3,1,19,11,1,3,1,0
2023-05-05,Alaves,Celta Vigo,0,1,51.952648797378004,48.047351202621996,19,17,1,11,11,5,2,1,1,0
2023-07-01,Alaves,Levante,1,0,42.61345260826525,57.38654739173475,6,5,2,2,14,12,1,2,0,1
2023-01-23,Alaves,Celta Vigo,4,1,58.296842997033096,41.703157002966904,10,10,6,7,16,7,2,1,0,0
2023-10-21,Alaves,Valencia,2,0,43.2913211685867,56.7086788314133,6,13,5,2,7,14,1,2,1,0
2023-08-27,Alaves,Celta Vigo,0,2,42.18964732137988,57.81035267862012,11,13,4,12,9,7,2,0,1,1
2023-01-27,Alaves,Real Sociedad,3,4,57.84938187904024,42.15061812095976,17,13,2,5,17,12,2,3,0,0
2023-03-16,Alaves,Granada,3,1,58.5012911289411,41.4987088710589,14,5,3,2,12,11,1,2,1,1
2023-10-14,Alaves,Atletico Madrid,0,0,42.432105186961145,57.567894813038855,10,14,2,9,10,11,4,0,0,0
2023-11-06,Alaves,Celta Vigo,3,3,41.61339534782355,58.38660465217645,5,19,3,8,14,8,2,3,0,1
2023-08-14,Alaves,Barcelona,4,0,58.817525349894176,41.182474650105824,9,7,3,1,6,12,0,4,0,1
2023-07-25,Alaves,Espanyol,1,0,40.28745903555555,59.71254096444445,6,11,5,5,14,9,3,4,0,0
2023-04-18,Alaves,Real Betis,0,1,55.31086739378405,44.68913260621595,14,10,9,9,7,5,0,2,0,0
2023-09-25,Alaves,Rayo Vallecano,2,2,50.367309266706414,49.632690733293586,9,6,6,5,13,19,2,3,0,1
2023-08-08,Alaves,Real Sociedad,0,1,53.385315916873154,46.614684083126846,6,8,4,5,17,14,0,3,0,1
2023-07-18,Alaves,Elche,4,3,47.1213459823829,52.8786540176171,6,19,4,17,19,9,0,1,1,1
2023-02-07,Alaves,Cadiz,3,1,40.89018078552343,59.10981921447657,11,7,10,2,17,11,4,0,0,0
2023-07-25,Alaves,Cadiz,2,0,47.174540390921976,52.825459609078024,17,8,14,3,9,11,4,1,0,1
2023-01-07,Alaves,Granada,1,0,46.6659971974105,53.3340028025895,17,10,1,3,15,10,2,4,1,1
2023-10-10,Alaves,Sevilla,4,2,46.10199373639053,53.89800626360947,14,17,13,14,19,5,2,1,1,1
2023-03-17,Alaves,Osasuna,4,1,46.575202551089,53.424797448911,5,13,2,8,15,8,0,1,0,1
2023-03-20,Alaves,Real Betis,0,0,58.906140805032734,41.093859194967266,17,6,15,5,14,13,1,1,0,1
2023-01-14,Alaves,Celta Vigo,3,1,43.91960369403524,56.08039630596476,17,19,6,18,18,6,4,1,0,1
2023-08-20,Alaves,Atletico Madrid,1,2,44.041618721730416,55.958381278269584,16,7,11,3,19,5,3,2,1,0
2023-05-05,Alaves,Espanyol,4,1,43.89993475042039,56.10006524957961,16,6,4,4,8,10,1,2,1,0
2023-08-02,Alaves,Espanyol,2,4,42.3601205323875,57.6398794676125,6,11,2,6,14,7,0,2,0,0
2023-03-21,Getafe,Osasuna,3,2,40.64941543383497,59.35058456616503,9,14,3,3,10,9,3,3,1,1
2023-07-13,Getafe,Elche,4,3,41.23349167241915,58.76650832758085,12,13,9,3,7,9,4,1,1,0
2023-03-17,Getafe,Athletic Bilbao,0,2,43.19079913376847,56.80920086623153,10,10,3,4,16,17,1,1,0,0
2023-07-14,Getafe,Cadiz,3,0,40.313918111925595,59.686081888074405,10,7,8,6,15,6,4,1,1,0
2023-11-22,Getafe,Alaves,0,1,56.84387461746229,43.15612538253771,13,15,12,8,16,11,4,1,0,1
2023-03-20,Getafe,Celta Vigo,4,1,45.17114527280492,54.82885472719508,6,18,2,8,14,10,4,4,1,1
2023-05-01,Getafe,Sevilla,0,1,43.06825764778176,56.93174235221824,11,19,10,5,6,11,3,3,0,1
2023-06-04,Getafe,Elche,1,1,47.09862401936032,52.90137598063968,13,11,6,5,7,16,1,1,1,0
2023-11-08,Getafe,Levante,2,4,44.31025715095538,55.68974284904462,6,14,3,10,13,7,1,0,1,0
2023-09-20,Getafe,Celta Vigo,3,0,49.276196493487525,50.723803506512475,11,19,8,10,19,8,2,2,0,1
2023-01-16,Getafe,Alaves,1,2,57.03074343795851,42.96925656204149,7,9,1,2,15,6,3,2,0,1
2023-11-02,Getafe,Osasuna,0,1,49.0550867541748,50.9449132458252,14,6,12,5,10,16,0,3,0,1
2023-03-27,Getafe,Mallorca,0,2,47.6789401780831,52.3210598219169,18,12,5,1,18,12,0,1,1,0
2023-02-07,Getafe,Atletico Madrid,4,3,53.96675942558805,46.03324057441195,7,16,6,7,18,12,1,2,1,1
2023-11-03,Getafe,Villarreal,0,4,47.523809375392446,52.476190624607554,12,6,1,1,19,18,3,4,0,0
2023-05-26,Getafe,Cadiz,4,4,40.58598886206837,59.41401113793163,12,7,9,5,5,8,0,1,0,0
2023-03-11,Getafe,Valencia,3,1,41.05419579706878,58.94580420293122,5,13,3,6,8,11,4,1,1,0
2023-01-24,Getafe,Athletic Bilbao,3,4,45.72559724223882,54.27440275776118,12,7,4,6,15,11,3,3,1,0
2023-08-01,Getafe,Espanyol,1,4,59.98672559967008,40.01327440032992,11,16,7,11,11,11,1,1,1,0
2023-02-13,Getafe,Valencia,4,3,56.96964419867479,43.03035580132521,16,5,2,1,19,17,1,3,1,0
2023-08-15,Getafe,Alaves,0,3,58.31869925022308,41.68130074977692,9,13,7,8,18,15,0,4,0,0
2023-05-16,Getafe,Mallorca,1,2,42.12491416939121,57.87508583060879,17,16,11,9,7,7,2,4,0,0
2023-06-08,Getafe,Elche,0,3,55.00321665909202,44.99678334090798,18,5,10,4,18,18,2,3,1,0
2023-11-18,Getafe,Cadiz,3,0,53.206716610282555,46.793283389717445,12,12,8,6,10,9,4,0,1,1
2023-07-17,Getafe,Osasuna,0,1,57.7184422888685,42.2815577111315,13,11,2,6,14,16,2,3,0,1
2023-08-22,Getafe,Real Betis,0,4,58.95130252648086,41.04869747351914,12,13,10,4,10,19,2,1,1,0
2023-05-06,Getafe,Osasuna,2,3,51.054077800910804,48.945922199089196,13,14,11,13,10,18,2,3,0,1
2023-05-18,Getafe,Villarreal,1,2,52.44751862946348,47.55248137053652,5,19,3,12,6,6,1,0,1,1
2023-08-07,Getafe,Granada,0,4,48.11428848361896,51.88571151638104,10,8,2,1,16,16,0,2,1,0
2023-11-27,Getafe,Elche,2,0,55.3270256111478,44.6729743888522,11,14,6,6,15,13,1,3,0,0
2023-08-22,Getafe,Athletic Bilbao,3,4,54.551260708644016,45.448739291355984,7,6,5,3,7,19,1,3,1,0
2023-01-17,Getafe,Villarreal,3,4,45.978523001966664,54.021476998033336,18,11,1,1,8,9,4,3,1,0
2023-10-17,Getafe,Villarreal,4,0,59.66774440921145,40.33225559078855,12,15,9,12,7,19,3,3,1,0
2023-07-19,Getafe,Mallorca,1,4,41.04665714601326,58.95334285398674,5,16,2,7,15,19,4,4,0,1
2023-09-11,Getafe,Villarreal,1,3,44.235962997630054,55.764037002369946,6,17,5,5,5,9,3,3,0,0
2023-08-13,Getafe,Real Betis,4,1,44.65207724297512,55.34792275702488,15,12,6,10,11,13,2,2,0,0
2023-02-19,Getafe,Villarreal,3,1,59.41109341456992,40.58890658543008,13,9,12,6,11,13,0,0,0,0
2023-06-18,Getafe,Rayo Vallecano,1,3,55.00543658943543,44.99456341056457,5,17,1,4,5,8,2,1,0,1
2023-07-14,Levante,Cadiz,4,3,59.103503209562646,40.896496790437354,9,5,6,1,13,6,4,3,1,1
2023-06-05,Levante,Mallorca,0,1,51.24221765246459,48.75778234753541,8,5,6,4,8,5,4,3,0,1
2023-08-03,Levante,Athletic Bilbao,0,2,58.83811174520841,41.16188825479159,19,10,10,2,10,18,0,2,0,0
2023-10-13,Levante,Real Sociedad,2,0,49.079176660957195,50.920823339042805,12,7,3,1,18,7,3,3,1,0
2023-01-08,Levante,Espanyol,0,4,51.92787199384923,48.07212800615077,8,15,1,9,6,14,1,2,1,1
2023-08-12,Levante,Sevilla,2,2,55.28191173157759,44.71808826842241,17,9,6,1,10,6,0,0,0,0
2023-03-24,Levante,Athletic Bilbao,4,2,50.816541279430794,49.183458720569206,16,18,4,12,10,15,3,1,1,0
2023-11-04,Levante,Villarreal,3,0,58.59583445261006,41.40416554738994,13,14,8,8,13,19,4,0,1,1
2023-06-15,Levante,Barcelona,2,2,49.891941055275176,50.108058944724824,7,12,3,4,16,14,0,1,1,0
2023-02-18,Levante,Alaves,3,0,43.56663024856432,56.43336975143568,12,8,2,3,14,11,1,4,0,0
2023-08-01,Levante,Barcelona,2,1,47.76116948521914,52.23883051478086,17,11,5,8,8,19,3,3,1,0
2023-08-14,Levante,Real Madrid,3,4,40.83288044679961,59.16711955320039,16,19,7,13,12,17,1,1,1,1
2023-01-17,Levante,Granada,2,2,40.35290320357212,59.64709679642788,17,9,1,2,10,11,1,3,0,0
2023-04-10,Levante,Atletico Madrid,2,1,44.355616035351375,55.644383964648625,19,14,10,10,7,5,4,1,1,1
2023-08-07,Levante,Cadiz,3,2,46.055352152348505,53.944647847651495,6,18,1,1,13,8,4,2,1,1
2023-04-09,Levante,Athletic Bilbao,0,1,56.47488923824599,43.52511076175401,15,11,9,6,7,18,4,0,0,0
2023-03-22,Levante,Villarreal,4,4,51.9212786220119,48.0787213779881,14,10,8,1,6,18,3,3,1,0
2023-08-24,Levante,Celta Vigo,3,4,51.2632877690791,48.7367122309209,13,17,2,13,15,12,1,0,1,0
2023-03-25,Levante,Valencia,4,1,59.891285133690495,40.108714866309505,9,13,4,3,13,9,0,1,1,1
2023-07-07,Levante,Valencia,3,0,43.51159555269233,56.48840444730767,10,11,2,9,16,17,0,0,0,1
2023-05-02,Levante,Real Betis,0,4,51.195914443595285,48.804085556404715,8,8,5,7,12,14,3,4,1,1
2023-06-12,Levante,Getafe,2,1,40.30045083961133,59.69954916038867,19,6,10,2,11,6,0,4,0,0
2023-04-10,Levante,Sevilla,0,1,56.10186753599052,43.89813246400948,5,6,3,5,14,10,3,0,0,0
2023-01-23,Levante,Real Sociedad,4,2,42.961195189776596,57.038804810223404,6,17,3,12,14,7,4,2,1,0
2023-09-10,Levante,Cadiz,4,4,46.32937568122997,53.67062431877003,9,10,6,1,15,8,0,1,0,0
2023-04-22,Levante,Sevilla,1,0,51.95226381864921,48.04773618135079,10,11,2,10,18,10,1,1,1,1
2023-01-21,Levante,Celta Vigo,1,4,47.75249250404919,52.24750749595081,16,12,10,5,6,7,2,2,0,0
2023-09-18,Levante,Elche,1,1,41.7081696561653,58.2918303438347,13,18,3,10,11,8,4,4,1,1
2023-10-15,Levante,Sevilla,0,2,55.62581294811385,44.37418705188615,5,10,3,9,12,15,1,0,0,0
2023-09-04,Levante,Celta Vigo,4,0,43.593024359106835,56.406975640893165,13,16,3,9,17,19,4,1,1,0
2023-02-06,Levante,Valencia,1,3,40.59581008065244,59.40418991934756,5,13,2,7,8,7,1,2,1,1
2023-01-16,Levante,Osasuna,2,1,53.18714774557688,46.81285225442312,13,7,2,4,19,18,1,0,1,0
2023-10-26,Levante,Athletic Bilbao,1,0,44.594325673664635,55.405674326335365,7,12,4,8,19,7,2,3,0,1
2023-04-17,Levante,Cadiz,2,0,49.66132490386605,50.33867509613395,9,16,5,11,8,7,4,2,1,1
2023-11-12,Levante,Sevilla,3,2,44.20552355803723,55.79447644196277,8,16,4,11,17,17,0,3,1,0
2023-10-06,Levante,Mallorca,1,4,50.23181221293098,49.76818778706902,14,7,8,3,5,17,4,1,1,0
2023-10-22,Levante,Barcelona,4,1,51.85965401934864,48.14034598065136,18,17,16,4,19,5,0,4,1,0
2023-02-17,Levante,Alaves,2,3,40.141930649897745,59.858069350102255,16,8,14,3,9,5,2,0,0,1
2023-11-12,Cadiz,Real Madrid,1,3,42.529284908071425,57.470715091928575,18,18,1,13,18,19,3,1,1,1
2023-08-25,Cadiz,Real Betis,3,2,43.34940981100085,56.65059018899915,18,13,2,6,8,5,0,0,1,0
2023-07-25,Cadiz,Real Sociedad,4,3,56.04406017671713,43.95593982328287,5,10,3,6,10,18,3,1,0,0
2023-03-10,Cadiz,Elche,0,0,40.77598909457775,59.22401090542225,15,15,1,5,11,7,0,4,0,0
2023-05-23,Cadiz,Alaves,3,3,44.97450787581249,55.02549212418751,13,14,9,7,14,6,2,4,1,0
2023-11-19,Cadiz,Mallorca,3,0,51.013810893895894,48.986189106104106,5,6,3,3,13,17,4,2,1,1
2023-01-24,Cadiz,Sevilla,3,2,53.334177107929136,46.665822892070864,14,8,4,6,13,17,3,2,1,1
2023-05-20,Cadiz,Elche,0,3,51.816317497910156,48.183682502089844,15,13,14,2,18,19,0,2,1,1
2023-01-17,Cadiz,Levante,0,2,57.56504935464693,42.43495064535307,9,13,3,3,11,13,1,0,1,1
2023-01-26,Cadiz,Granada,1,0,58.866202237482995,41.133797762517005,14,19,12,16,18,17,2,1,1,0
2023-03-23,Cadiz,Celta Vigo,0,3,40.388925168390934,59.611074831609066,18,19,10,1,8,19,0,0,1,0
2023-07-20,Cadiz,Villarreal,4,3,45.95357517124744,54.04642482875256,7,12,5,8,15,15,1,0,0,1
2023-04-01,Cadiz,Valencia,0,3,46.19201490171,53.80798509829,9,18,5,15,10,11,0,3,0,1
2023-07-10,Cadiz,Osasuna,3,1,53.28201342295782,46.71798657704218,14,17,7,12,18,9,2,1,0,0
2023-08-12,Cadiz,Real Sociedad,3,0,40.21596784779024,59.78403215220976,17,16,7,15,17,17,3,2,1,1
2023-06-17,Cadiz,Real Madrid,0,1,58.90244897489774,41.09755102510226,11,6,10,2,15,13,4,0,0,0
2023-10-03,Cadiz,Valencia,2,0,49.43326365570321,50.56673634429679,19,8,2,1,7,19,4,4,0,1
2023-01-21,Cadiz,Rayo Vallecano,1,2,50.36647846079647,49.63352153920353,19,10,9,5,8,6,1,1,1,0
2023-09-27,Cadiz,Rayo Vallecano,4,2,49.16506629530096,50.83493370469904,16,14,8,13,17,15,3,2,0,0
2023-08-26,Cadiz,Rayo Vallecano,4,3,53.052040304308804,46.947959695691196,6,16,4,10,17,5,3,3,0,0
2023-10-25,Cadiz,Sevilla,2,1,47.59848581924029,52.40151418075971,5,10,2,8,7,15,0,1,1,0
2023-07-03,Cadiz,Getafe,3,0,44.49118938537793,55.50881061462207,19,12,6,2,7,12,1,1,1,1
2023-09-19,Cadiz,Levante,4,2,47.663289371182515,52.336710628817485,14,11,8,2,13,11,4,0,1,0
2023-05-25,Cadiz,Espanyol,0,3,40.22665186408975,59.77334813591025,19,13,15,11,16,17,1,3,1,0
2023-10-04,Cadiz,Valencia,0,1,51.23168721933816,48.76831278066184,5,17,3,12,14,13,2,3,1,0
2023-06-23,Cadiz,Atletico Madrid,1,0,48.680977369563614,51.319022630436386,12,18,7,4,6,12,2,4,1,1
2023-10-01,Cadiz,Villarreal,3,4,48.804434525123305,51.195565474876695,15,6,14,3,14,15,0,3,1,0
2023-05-13,Cadiz,Getafe,0,2,46.51559087491236,53.48440912508764,5,10,2,6,12,19,4,2,1,1
2023-10-05,Cadiz,Granada,1,3,42.465678549048256,57.534321450951744,11,14,10,2,5,18,4,3,0,0
2023-01-06,Cadiz,Real Madrid,0,1,42.091257295086834,57.908742704913166,16,5,5,3,13,18,0,0,1,1
2023-08-01,Cadiz,Levante,3,4,59.237297486959974,40.762702513040026,10,13,1,9,5,14,1,2,0,0
2023-02-02,Cadiz,Espanyol,0,0,48.606328560847814,51.393671439152186,8,17,1,1,16,16,3,1,0,0
2023-04-17,Cadiz,Elche,1,4,59.337311005867875,40.662688994132125,19,5,16,3,11,8,4,1,0,1
2023-06-12,Cadiz,Valencia,0,0,48.05342416507996,51.94657583492004,19,18,10,12,18,19,0,2,0,0
2023-05-10,Cadiz,Granada,3,2,43.90109444472726,56.09890555527274,13,19,11,16,8,8,0,4,0,1
2023-09-06,Cadiz,Atletico Madrid,4,2,55.54665028164386,44.45334971835614,15,9,14,1,7,8,4,1,0,1
2023-10-17,Cadiz,Rayo Vallecano,4,1,43.94212077647305,56.05787922352695,14,19,8,1,16,8,2,4,1,0
2023-06-21,Cadiz,Athletic Bilbao,4,0,51.58259608070098,48.41740391929902,17,15,2,10,16,12,2,1,0,0
2023-07-24,Elche,Levante,2,3,45.01974412632141,54.98025587367859,11,13,3,6,12,10,1,4,0,1
2023-02-11,Elche,Cadiz,0,2,45.72518070766367,54.27481929233633,11,19,5,11,7,5,2,1,1,0
2023-09-18,Elche,Levante,0,3,51.4481545193553,48.5518454806447,10,18,5,11,8,15,3,2,1,1
2023-07-26,Elche,Levante,3,4,45.082945602556286,54.917054397443714,9,7,5,4,6,15,3,2,0,0
2023-10-08,Elche,Osasuna,4,3,47.80752892093908,52.19247107906092,9,8,3,5,8,19,0,3,0,1
2023-10-24,Elche,Alaves,1,0,49.20205253115376,50.79794746884624,9,14,7,11,16,5,2,2,0,0
2023-04-26,Elche,Real Madrid,1,3,49.014121165007715,50.985878834992285,6,15,1,6,7,11,4,0,0,1
2023-11-21,Elche,Real Sociedad,1,0,49.17299796162152,50.82700203837848,10,12,9,7,16,7,0,3,0,1
2023-01-22,Elche,Rayo Vallecano,0,0,40.80249240522019,59.19750759477981,16,5,13,2,5,16,2,0,0,0
2023-06-16,Elche,Real Sociedad,0,0,49.94334561435372,50.05665438564628,14,12,10,9,19,17,2,2,1,1
2023-01-19,Elche,Barcelona,4,4,53.573201876537944,46.426798123462056,5,12,1,8,7,17,3,4,0,0
2023-08-21,Elche,Cadiz,0,4,57.341599943168475,42.658400056831525,17,12,15,4,8,6,4,0,0,0
2023-02-26,Elche,Real Betis,1,0,48.299955167415085,51.700044832584915,10,14,1,1,12,8,4,4,0,1
2023-04-10,Elche,Cadiz,3,0,55.73951598762402,44.26048401237598,7,16,3,10,13,14,2,1,1,0
2023-02-01,Elche,Atletico Madrid,1,0,52.80966586284424,47.19033413715576,11,19,5,15,10,15,0,4,0,1
2023-10-05,Elche,Athletic Bilbao,0,0,43.83746368809003,56.16253631190997,6,7,4,2,13,14,4,0,1,0
2023-04-20,Elche,Real Betis,2,2,51.45365631713379,48.54634368286621,12,8,8,1,19,9,4,0,0,0
2023-04-22,Elche,Mallorca,1,2,52.61702077290224,47.38297922709776,11,5,7,1,16,15,0,3,1,1
2023-04-20,Elche,Rayo Vallecano,0,1,45.96078664188902,54.03921335811098,18,8,11,3,8,5,2,4,1,0
2023-09-27,Elche,Valencia,0,3,53.502597716888395,46.497402283111605,12,6,11,1,5,16,0,4,0,1
2023-01-18,Elche,Cadiz,0,2,56.208731712312506,43.791268287687494,12,7,10,1,14,9,2,1,1,0
2023-02-25,Elche,Real Madrid,0,2,45.916454371637265,54.083545628362735,13,10,6,4,17,16,0,4,1,0
2023-08-24,Elche,Mallorca,4,3,43.14471330188467,56.85528669811533,7,5,1,2,6,12,3,0,0,1
2023-07-27,Elche,Cadiz,3,4,52.06444271315927,47.93555728684073,6,18,3,5,18,7,1,4,0,0
2023-09-13,Elche,Celta Vigo,0,1,47.115481684013204,52.884518315986796,9,17,6,16,5,11,3,0,0,1
2023-08-18,Elche,Barcelona,4,2,41.464912082147805,58.535087917852195,17,12,11,1,5,16,3,4,0,0
2023-11-07,Elche,Valencia,4,4,50.0071672076878,49.9928327923122,13,10,9,3,9,6,1,4,0,0
2023-08-11,Elche,Mallorca,1,3,51.557541628818186,48.442458371181814,19,5,5,1,5,11,2,2,0,1
2023-08-03,Elche,Atletico Madrid,4,1,54.94449290177174,45.05550709822826,5,16,2,8,5,17,1,3,0,0
2023-03-04,Elche,Rayo Vallecano,2,0,53.56245003073293,46.43754996926707,7,17,2,16,8,5,3,4,0,0
2023-11-23,Elche,Real Sociedad,3,3,46.80432476910669,53.19567523089331,10,8,3,7,19,13,4,4,1,0
2023-06-10,Elche,Granada,4,2,53.90516801510867,46.09483198489133,6,17,5,13,7,6,3,2,0,1
2023-02-08,Elche,Getafe,2,0,58.673578122658704,41.326421877341296,15,16,8,6,8,15,0,1,1,1
2023-05-21,Elche,Real Betis,1,2,54.539558390568615,45.460441609431385,12,18,8,16,16,9,1,2,1,1
2023-02-25,Elche,Valencia,3,3,40.27466376165157,59.72533623834843,14,5,4,1,16,13,3,0,0,1
2023-01-10,Elche,Real Betis,4,0,57.634346127907925,42.365653872092075,10,6,4,5,11,15,3,4,0,0
2023-02-22,Elche,Levante,2,0,52.96063314661723,47.03936685338277,11,18,6,1,17,9,1,2,0,1
2023-05-07,Elche,Rayo Vallecano,2,4,50.364366312718545,49.635633687281455,6,10,4,9,16,16,2,4,0,0
2023-11-19,Rayo Vallecano,Real Madrid,4,3,59.092803214324626,40.907196785675374,14,7,11,4,13,7,3,0,1,0
2023-08-05,Rayo Vallecano,Real Madrid,0,1,46.304334747545724,53.695665252454276,16,9,5,7,16,16,1,3,0,0
2023-01-19,Rayo Vallecano,Villarreal,3,1,48.63016239695285,51.36983760304715,12,19,5,2,5,11,4,2,0,0
2023-01-02,Rayo Vallecano,Cadiz,1,4,57.09481237183957,42.90518762816043,16,7,11,5,16,13,3,0,1,1
2023-04-22,Rayo Vallecano,Cadiz,4,0,44.14938876117755,55.85061123882245,10,18,1,14,13,18,2,1,0,0
2023-02-24,Rayo Vallecano,Espanyol,4,2,57.32854805797513,42.67145194202487,6,11,5,4,13,18,1,0,0,0
2023-03-11,Rayo Vallecano,Athletic Bilbao,4,1,51.419831426519565,48.580168573480435,11,17,8,9,15,15,1,1,0,1
2023-09-06,Rayo Vallecano,Osasuna,3,3,43.87434101552596,56.12565898447404,6,8,1,7,6,12,2,0,1,0
2023-02-15,Rayo Vallecano,Levante,4,1,48.714687136866154,51.285312863133846,10,8,9,4,10,10,1,2,1,0
2023-06-03,Rayo Vallecano,Atletico Madrid,2,1,46.332048696548256,53.667951303451744,18,5,9,3,11,7,3,4,1,0
2023-06-09,Rayo Vallecano,Villarreal,3,4,57.698534936899335,42.301465063100665,14,5,3,3,11,11,4,3,0,0
2023-09-23,Rayo Vallecano,Getafe,3,2,53.38367304398286,46.61632695601714,15,7,1,1,5,13,4,1,0,0
2023-04-06,Rayo Vallecano,Espanyol,0,3,59.43901690519611,40.56098309480389,10,8,7,3,5,8,2,0,1,0
2023-08-01,Rayo Vallecano,Alaves,3,3,55.38501118483173,44.61498881516827,17,16,8,15,10,5,2,4,0,0
2023-08-23,Rayo Vallecano,Real Betis,1,0,44.190692479002514,55.809307520997486,5,5,4,4,17,18,3,1,0,0
2023-04-19,Rayo Vallecano,Barcelona,1,2,56.5290730490996,43.4709269509004,6,19,4,7,18,15,1,3,0,1
2023-04-12,Rayo Vallecano,Villarreal,4,4,53.76661524665354,46.23338475334646,17,14,3,10,9,15,2,4,1,0
2023-07-17,Rayo Vallecano,Espanyol,0,0,55.14938101446206,44.85061898553794,14,17,6,15,9,17,2,2,0,1
2023-03-22,Rayo Vallecano,Celta Vigo,4,0,53.7373298746982,46.2626701253018,9,16,3,2,6,13,1,1,0,1
2023-04-23,Rayo Vallecano,Elche,0,1,42.08960633507916,57.91039366492084,18,6,10,3,17,5,1,0,0,1
2023-04-13,Rayo Vallecano,Getafe,1,2,41.12966848006964,58.87033151993036,18,8,17,5,8,7,3,1,1,0
2023-05-10,Rayo Vallecano,Celta Vigo,1,2,46.72922325154425,53.27077674845575,14,17,9,4,7,18,1,4,1,0
2023-07-06,Rayo Vallecano,Athletic Bilbao,2,3,52.84419274005395,47.15580725994605,14,13,13,9,19,9,2,1,1,0
2023-10-27,Rayo Vallecano,Real Betis,3,0,49.13877699796498,50.86122300203502,14,6,10,3,16,5,4,2,0,1
2023-11-22,Rayo Vallecano,Osasuna,0,2,43.513445959371694,56.486554040628306,19,16,13,12,5,7,3,4,0,1
2023-07-04,Rayo Vallecano,Villarreal,3,3,58.97308161805981,41.02691838194019,15,9,5,8,13,6,2,0,1,0
2023-11-02,Rayo Vallecano,Barcelona,0,1,41.383483810108345,58.616516189891655,19,11,9,6,14,6,3,1,0,1
2023-09-18,Rayo Vallecano,Levante,3,0,53.661391503802484,46.338608496197516,7,5,6,2,8,10,4,3,1,0
2023-10-11,Rayo Vallecano,Real Betis,4,2,41.66077515620373,58.33922484379627,17,16,14,15,5,8,2,1,1,1
2023-09-08,Rayo Vallecano,Granada,2,3,58.21286031669091,41.78713968330909,14,7,9,2,8,6,1,4,1,1
2023-06-11,Rayo Vallecano,Getafe,1,0,49.654567749535666,50.345432250464334,8,7,2,1,16,7,0,1,0,0
2023-07-09,Rayo Vallecano,Espanyol,3,0,46.76279976967617,53.23720023032383,18,17,4,3,6,13,3,1,1,0
2023-04-22,Rayo Vallecano,Real Sociedad,4,2,47.92494693632812,52.07505306367188,13,17,6,11,14,14,4,1,0,0
2023-06-17,Rayo Vallecano,Celta Vigo,4,1,42.288763270336965,57.711236729663035,15,12,11,9,15,7,1,4,1,1
2023-08-19,Rayo Vallecano,Getafe,3,2,54.24015922396325,45.75984077603675,8,10,3,5,7,6,0,0,0,0
2023-07-22,Rayo Vallecano,Alaves,2,2,59.73393592160848,40.26606407839152,5,8,4,2,14,12,2,3,0,1
2023-08-01,Rayo Vallecano,Real Madrid,2,2,40.80650479441901,59.19349520558099,13,19,7,11,7,17,4,1,1,1
2023-08-07,Rayo Vallecano,Real Madrid,0,4,46.69636689426902,53.30363310573098,16,14,15,12,10,5,1,4,1,1
